"dataset","iso3","subset","year","group","question","answer","indicator","value","keyN","Indicator_Id"
"IPU","AFG","All",2018,"House of the People Bicameral","House of the People Bicameral","Number.of.seats",NA,249,NA,NA
"IPU","AFG","All",2018,"House of Elders Bicameral","House of Elders Bicameral","Number.of.seats",NA,68,NA,NA
"IPU","ALB","All",2018,"Parliament Unicameral","Parliament Unicameral","Number.of.seats",NA,140,NA,NA
"IPU","ALB","All",2018,"National People's Assembly Bicameral","National People's Assembly Bicameral","Number.of.seats",NA,462,NA,NA
"IPU","ALB","All",2018,"Council of the Nation Bicameral","Council of the Nation Bicameral","Number.of.seats",NA,143,NA,NA
"IPU","AND","All",2018,"General Council Unicameral","General Council Unicameral","Number.of.seats",NA,28,NA,NA
"IPU","AND","All",2018,"National Assembly Unicameral","National Assembly Unicameral","Number.of.seats",NA,220,NA,NA
"IPU","ATA","All",2018,"House of Representatives Bicameral","House of Representatives Bicameral","Number.of.seats",NA,18,NA,NA
"IPU","ATA","All",2018,"Senate Bicameral","Senate Bicameral","Number.of.seats",NA,17,NA,NA
"IPU","ATA","All",2018,"Chamber of Deputies Bicameral","Chamber of Deputies Bicameral","Number.of.seats",NA,257,NA,NA
"IPU","ATA","All",2018,"Senate Bicameral","Senate Bicameral","Number.of.seats",NA,72,NA,NA
"IPU","ATA","All",2018,"National Assembly Unicameral","National Assembly Unicameral","Number.of.seats",NA,105,NA,NA
"IPU","ATA","All",2018,"House of Representatives Bicameral","House of Representatives Bicameral","Number.of.seats",NA,150,NA,NA
"IPU","ATA","All",2018,"Senate Bicameral","Senate Bicameral","Number.of.seats",NA,76,NA,NA
"IPU","ATA","All",2018,"National Council Bicameral","National Council Bicameral","Number.of.seats",NA,183,NA,NA
"IPU","ATA","All",2018,"Federal Council Bicameral","Federal Council Bicameral","Number.of.seats",NA,61,NA,NA
"IPU","ATA","All",2018,"National Assembly Unicameral","National Assembly Unicameral","Number.of.seats",NA,125,NA,NA
"IPU","ATA","All",2018,"House of Assembly Bicameral","House of Assembly Bicameral","Number.of.seats",NA,39,NA,NA
"IPU","ATA","All",2018,"Senate Bicameral","Senate Bicameral","Number.of.seats",NA,16,NA,NA
"IPU","ATA","All",2018,"Council of Representatives Bicameral","Council of Representatives Bicameral","Number.of.seats",NA,40,NA,NA
"IPU","ATA","All",2018,"Shura Council Bicameral","Shura Council Bicameral","Number.of.seats",NA,40,NA,NA
"IPU","ATA","All",2018,"Parliament Unicameral","Parliament Unicameral","Number.of.seats",NA,350,NA,NA
"IPU","ATA","All",2018,"House of Assembly Bicameral","House of Assembly Bicameral","Number.of.seats",NA,30,NA,NA
"IPU","ATA","All",2018,"Senate Bicameral","Senate Bicameral","Number.of.seats",NA,21,NA,NA
"IPU","ATA","All",2018,"House of Representatives Bicameral","House of Representatives Bicameral","Number.of.seats",NA,110,NA,NA
"IPU","ATA","All",2018,"Council of the Republic Bicameral","Council of the Republic Bicameral","Number.of.seats",NA,56,NA,NA
"IPU","ATA","All",2018,"House of Representatives Bicameral","House of Representatives Bicameral","Number.of.seats",NA,150,NA,NA
"IPU","ATA","All",2018,"Senate Bicameral","Senate Bicameral","Number.of.seats",NA,60,NA,NA
"IPU","ATA","All",2018,"House of Representatives Bicameral","House of Representatives Bicameral","Number.of.seats",NA,32,NA,NA
"IPU","ATA","All",2018,"Senate Bicameral","Senate Bicameral","Number.of.seats",NA,13,NA,NA
"IPU","BEN","All",2018,"National Assembly Unicameral","National Assembly Unicameral","Number.of.seats",NA,83,NA,NA
"IPU","BMU","All",2018,"National Assembly Bicameral","National Assembly Bicameral","Number.of.seats",NA,47,NA,NA
"IPU","BMU","All",2018,"National Council Bicameral","National Council Bicameral","Number.of.seats",NA,25,NA,NA
"IPU","BRB","All",2018,"Chamber of Deputies Bicameral","Chamber of Deputies Bicameral","Number.of.seats",NA,130,NA,NA
"IPU","BRB","All",2018,"Chamber of Senators Bicameral","Chamber of Senators Bicameral","Number.of.seats",NA,36,NA,NA
"IPU","BRB","All",2018,"House of Representatives Bicameral","House of Representatives Bicameral","Number.of.seats",NA,42,NA,NA
"IPU","BRB","All",2018,"House of Peoples Bicameral","House of Peoples Bicameral","Number.of.seats",NA,15,NA,NA
"IPU","BRB","All",2018,"National Assembly Unicameral","National Assembly Unicameral","Number.of.seats",NA,63,NA,NA
"IPU","BRB","All",2018,"Chamber of Deputies Bicameral","Chamber of Deputies Bicameral","Number.of.seats",NA,513,NA,NA
"IPU","BRB","All",2018,"Federal Senate Bicameral","Federal Senate Bicameral","Number.of.seats",NA,81,NA,NA
"IPU","BWA","All",2018,"Legislative Council Unicameral","Legislative Council Unicameral","Number.of.seats",NA,33,NA,NA
"IPU","BWA","All",2018,"National Assembly Unicameral","National Assembly Unicameral","Number.of.seats",NA,240,NA,NA
"IPU","BWA","All",2018,"National Assembly Unicameral","National Assembly Unicameral","Number.of.seats",NA,127,NA,NA
"IPU","BWA","All",2018,"National Assembly Bicameral","National Assembly Bicameral","Number.of.seats",NA,121,NA,NA
"IPU","BWA","All",2018,"Senate Bicameral","Senate Bicameral","Number.of.seats",NA,43,NA,NA
"IPU","BWA","All",2018,"National Assembly Unicameral","National Assembly Unicameral","Number.of.seats",NA,72,NA,NA
"IPU","BWA","All",2018,"National Assembly Bicameral","National Assembly Bicameral","Number.of.seats",NA,123,NA,NA
"IPU","BWA","All",2018,"Senate Bicameral","Senate Bicameral","Number.of.seats",NA,60,NA,NA
"IPU","BWA","All",2018,"Senate Bicameral","Senate Bicameral","Number.of.seats",NA,100,NA,NA
"IPU","BWA","All",2018,"National Assembly Bicameral","National Assembly Bicameral","Number.of.seats",NA,180,NA,NA
"IPU","CAN","All",2018,"House of Commons Bicameral","House of Commons Bicameral","Number.of.seats",NA,337,NA,NA
"IPU","CAN","All",2018,"Senate Bicameral","Senate Bicameral","Number.of.seats",NA,94,NA,NA
"IPU","CAN","All",2018,"National Assembly Unicameral","National Assembly Unicameral","Number.of.seats",NA,140,NA,NA
"IPU","CAN","All",2018,"National Assembly Unicameral","National Assembly Unicameral","Number.of.seats",NA,188,NA,NA
"IPU","CAN","All",2018,"Chamber of Deputies Bicameral","Chamber of Deputies Bicameral","Number.of.seats",NA,155,NA,NA
"IPU","CAN","All",2018,"Senate Bicameral","Senate Bicameral","Number.of.seats",NA,43,NA,NA
"IPU","CAN","All",2018,"National People's Congress Unicameral","National People's Congress Unicameral","Number.of.seats",NA,2980,NA,NA
"IPU","CXR","All",2018,"House of Representatives Bicameral","House of Representatives Bicameral","Number.of.seats",NA,166,NA,NA
"IPU","CXR","All",2018,"Senate Bicameral","Senate Bicameral","Number.of.seats",NA,102,NA,NA
"IPU","CXR","All",2018,"Assembly of the Union Unicameral","Assembly of the Union Unicameral","Number.of.seats",NA,33,NA,NA
"IPU","CXR","All",2018,"National Assembly Bicameral","National Assembly Bicameral","Number.of.seats",NA,151,NA,NA
"IPU","CXR","All",2018,"Senate Bicameral","Senate Bicameral","Number.of.seats",NA,71,NA,NA
"IPU","CXR","All",2018,"Legislative Assembly Unicameral","Legislative Assembly Unicameral","Number.of.seats",NA,57,NA,NA
"IPU","CXR","All",2018,"National Assembly Bicameral","National Assembly Bicameral","Number.of.seats",NA,255,NA,NA
"IPU","CXR","All",2018,"Senate Bicameral","Senate Bicameral","Number.of.seats",NA,66,NA,NA
"IPU","CXR","All",2018,"Croatian Parliament Unicameral","Croatian Parliament Unicameral","Number.of.seats",NA,151,NA,NA
"IPU","CXR","All",2018,"National Assembly of the People's Power Unicameral","National Assembly of the People's Power Unicameral","Number.of.seats",NA,605,NA,NA
"IPU","CXR","All",2018,"House of Representatives Unicameral","House of Representatives Unicameral","Number.of.seats",NA,56,NA,NA
"IPU","CZE","All",2018,"Chamber of Deputies Bicameral","Chamber of Deputies Bicameral","Number.of.seats",NA,200,NA,NA
"IPU","CZE","All",2018,"Senate Bicameral","Senate Bicameral","Number.of.seats",NA,80,NA,NA
"IPU","CZE","All",2018,"Supreme People's Assembly Unicameral","Supreme People's Assembly Unicameral","Number.of.seats",NA,687,NA,NA
"IPU","CZE","All",2018,"National Assembly Bicameral","National Assembly Bicameral","Number.of.seats",NA,492,NA,NA
"IPU","CZE","All",2018,"Senate Bicameral","Senate Bicameral","Number.of.seats",NA,108,NA,NA
"IPU","CZE","All",2018,"The Danish Parliament Unicameral","The Danish Parliament Unicameral","Number.of.seats",NA,179,NA,NA
"IPU","DJI","All",2018,"National Assembly Unicameral","National Assembly Unicameral","Number.of.seats",NA,65,NA,NA
"IPU","DNK","All",2018,"House of Assembly Unicameral","House of Assembly Unicameral","Number.of.seats",NA,32,NA,NA
"IPU","DOM","All",2018,"Chamber of Deputies Bicameral","Chamber of Deputies Bicameral","Number.of.seats",NA,190,NA,NA
"IPU","DOM","All",2018,"Senate Bicameral","Senate Bicameral","Number.of.seats",NA,32,NA,NA
"IPU","DZA","All",2018,"National Assembly Unicameral","National Assembly Unicameral","Number.of.seats",NA,137,NA,NA
"IPU","EGY","All",2018,"House of Representatives Unicameral","House of Representatives Unicameral","Number.of.seats",NA,596,NA,NA
"IPU","EGY","All",2018,"Legislative Assembly Unicameral","Legislative Assembly Unicameral","Number.of.seats",NA,84,NA,NA
"IPU","EGY","All",2018,"Chamber of Deputies Bicameral","Chamber of Deputies Bicameral","Number.of.seats",NA,100,NA,NA
"IPU","EGY","All",2018,"Senate Bicameral","Senate Bicameral","Number.of.seats",NA,72,NA,NA
"IPU","ERI","All",2018,"National Assembly Unicameral","National Assembly Unicameral","Number.of.seats",NA,150,NA,NA
"IPU","ERI","All",2018,"The Estonian Parliament Unicameral","The Estonian Parliament Unicameral","Number.of.seats",NA,101,NA,NA
"IPU","ETH","All",2018,"House of Peoples' Representatives Bicameral","House of Peoples' Representatives Bicameral","Number.of.seats",NA,547,NA,NA
"IPU","ETH","All",2018,"House of the Federation Bicameral","House of the Federation Bicameral","Number.of.seats",NA,153,NA,NA
"IPU","FLK","All",2018,"Parliament Unicameral","Parliament Unicameral","Number.of.seats",NA,50,NA,NA
"IPU","FIN","All",2018,"Parliament Unicameral","Parliament Unicameral","Number.of.seats",NA,200,NA,NA
"IPU","FRA","All",2018,"National Assembly Bicameral","National Assembly Bicameral","Number.of.seats",NA,577,NA,NA
"IPU","FRA","All",2018,"Senate Bicameral","Senate Bicameral","Number.of.seats",NA,348,NA,NA
"IPU","FSM","All",2018,"National Assembly Bicameral","National Assembly Bicameral","Number.of.seats",NA,117,NA,NA
"IPU","FSM","All",2018,"Senate Bicameral","Senate Bicameral","Number.of.seats",NA,102,NA,NA
"IPU","FSM","All",2018,"National Assembly Unicameral","National Assembly Unicameral","Number.of.seats",NA,58,NA,NA
"IPU","FSM","All",2018,"Parliament Unicameral","Parliament Unicameral","Number.of.seats",NA,150,NA,NA
"IPU","FSM","All",2018,"German Bundestag Bicameral","German Bundestag Bicameral","Number.of.seats",NA,709,NA,NA
"IPU","FSM","All",2018,"Federal Council Bicameral","Federal Council Bicameral","Number.of.seats",NA,69,NA,NA
"IPU","FSM","All",2018,"Parliament Unicameral","Parliament Unicameral","Number.of.seats",NA,275,NA,NA
"IPU","FSM","All",2018,"Hellenic Parliament Unicameral","Hellenic Parliament Unicameral","Number.of.seats",NA,300,NA,NA
"IPU","FSM","All",2018,"House of Representatives Bicameral","House of Representatives Bicameral","Number.of.seats",NA,15,NA,NA
"IPU","FSM","All",2018,"Senate Bicameral","Senate Bicameral","Number.of.seats",NA,13,NA,NA
"IPU","FSM","All",2018,"Congress of the Republic Unicameral","Congress of the Republic Unicameral","Number.of.seats",NA,158,NA,NA
"IPU","FSM","All",2018,"National Assembly Unicameral","National Assembly Unicameral","Number.of.seats",NA,114,NA,NA
"IPU","FSM","All",2018,"People's National Assembly Unicameral","People's National Assembly Unicameral","Number.of.seats",NA,102,NA,NA
"IPU","FSM","All",2018,"Parliament of the Co-operative Republic of Guyana Unicameral","Parliament of the Co-operative Republic of Guyana Unicameral","Number.of.seats",NA,69,NA,NA
"IPU","FSM","All",2018,"Chamber of Deputies Bicameral","Chamber of Deputies Bicameral","Number.of.seats",NA,118,NA,NA
"IPU","FSM","All",2018,"Senate Bicameral","Senate Bicameral","Number.of.seats",NA,28,NA,NA
"IPU","FSM","All",2018,"National Congress Unicameral","National Congress Unicameral","Number.of.seats",NA,128,NA,NA
"IPU","FSM","All",2018,"National Assembly Unicameral","National Assembly Unicameral","Number.of.seats",NA,198,NA,NA
"IPU","FSM","All",2018,"Parliament Unicameral","Parliament Unicameral","Number.of.seats",NA,63,NA,NA
"IPU","FSM","All",2018,"House of the People Bicameral","House of the People Bicameral","Number.of.seats",NA,542,NA,NA
"IPU","FSM","All",2018,"Council of States Bicameral","Council of States Bicameral","Number.of.seats",NA,244,NA,NA
"IPU","FSM","All",2018,"House of Representatives Unicameral","House of Representatives Unicameral","Number.of.seats",NA,560,NA,NA
"IPU","FSM","All",2018,"Islamic Parliament of Iran Unicameral","Islamic Parliament of Iran Unicameral","Number.of.seats",NA,289,NA,NA
"IPU","FSM","All",2018,"Council of Representatives of Iraq Unicameral","Council of Representatives of Iraq Unicameral","Number.of.seats",NA,328,NA,NA
"IPU","FSM","All",2018,"House of Representatives Bicameral","House of Representatives Bicameral","Number.of.seats",NA,158,NA,NA
"IPU","FSM","All",2018,"Senate Bicameral","Senate Bicameral","Number.of.seats",NA,60,NA,NA
"IPU","FSM","All",2018,"Parliament Unicameral","Parliament Unicameral","Number.of.seats",NA,120,NA,NA
"IPU","FSM","All",2018,"Chamber of Deputies Bicameral","Chamber of Deputies Bicameral","Number.of.seats",NA,630,NA,NA
"IPU","FSM","All",2018,"Senate Bicameral","Senate Bicameral","Number.of.seats",NA,320,NA,NA
"IPU","FSM","All",2018,"House of Representatives Bicameral","House of Representatives Bicameral","Number.of.seats",NA,63,NA,NA
"IPU","FSM","All",2018,"Senate Bicameral","Senate Bicameral","Number.of.seats",NA,21,NA,NA
"IPU","FSM","All",2018,"House of Representatives Bicameral","House of Representatives Bicameral","Number.of.seats",NA,465,NA,NA
"IPU","FSM","All",2018,"House of Councillors Bicameral","House of Councillors Bicameral","Number.of.seats",NA,242,NA,NA
"IPU","FSM","All",2018,"House of Representatives Bicameral","House of Representatives Bicameral","Number.of.seats",NA,130,NA,NA
"IPU","FSM","All",2018,"Senate Bicameral","Senate Bicameral","Number.of.seats",NA,65,NA,NA
"IPU","FSM","All",2018,"House of Representatives Bicameral","House of Representatives Bicameral","Number.of.seats",NA,107,NA,NA
"IPU","FSM","All",2018,"Senate Bicameral","Senate Bicameral","Number.of.seats",NA,47,NA,NA
"IPU","FSM","All",2018,"National Assembly Bicameral","National Assembly Bicameral","Number.of.seats",NA,349,NA,NA
"IPU","FSM","All",2018,"Senate Bicameral","Senate Bicameral","Number.of.seats",NA,68,NA,NA
"IPU","FSM","All",2018,"House of Assembly Unicameral","House of Assembly Unicameral","Number.of.seats",NA,46,NA,NA
"IPU","KOR","All",2018,"National Assembly Unicameral","National Assembly Unicameral","Number.of.seats",NA,65,NA,NA
"IPU","KOR","All",2018,"Supreme Council Unicameral","Supreme Council Unicameral","Number.of.seats",NA,120,NA,NA
"IPU","LAO","All",2018,"National Assembly Unicameral","National Assembly Unicameral","Number.of.seats",NA,149,NA,NA
"IPU","LAO","All",2018,"Parliament Unicameral","Parliament Unicameral","Number.of.seats",NA,100,NA,NA
"IPU","LBN","All",2018,"National Assembly Unicameral","National Assembly Unicameral","Number.of.seats",NA,128,NA,NA
"IPU","LBN","All",2018,"National Assembly Bicameral","National Assembly Bicameral","Number.of.seats",NA,122,NA,NA
"IPU","LBN","All",2018,"Senate Bicameral","Senate Bicameral","Number.of.seats",NA,32,NA,NA
"IPU","LBR","All",2018,"House of Representatives Bicameral","House of Representatives Bicameral","Number.of.seats",NA,71,NA,NA
"IPU","LBR","All",2018,"The Liberian Senate Bicameral","The Liberian Senate Bicameral","Number.of.seats",NA,30,NA,NA
"IPU","LBY","All",2018,"House of Representatives Unicameral","House of Representatives Unicameral","Number.of.seats",NA,188,NA,NA
"IPU","LBY","All",2018,"Diet Unicameral","Diet Unicameral","Number.of.seats",NA,25,NA,NA
"IPU","LTU","All",2018,"Parliament Unicameral","Parliament Unicameral","Number.of.seats",NA,141,NA,NA
"IPU","MAC","All",2018,"Chamber of Deputies Unicameral","Chamber of Deputies Unicameral","Number.of.seats",NA,60,NA,NA
"IPU","MAC","All",2018,"National Assembly Bicameral","National Assembly Bicameral","Number.of.seats",NA,151,NA,NA
"IPU","MAC","All",2018,"Senate Bicameral","Senate Bicameral","Number.of.seats",NA,63,NA,NA
"IPU","MAC","All",2018,"National Assembly Unicameral","National Assembly Unicameral","Number.of.seats",NA,192,NA,NA
"IPU","MAC","All",2018,"House of Representatives Bicameral","House of Representatives Bicameral","Number.of.seats",NA,222,NA,NA
"IPU","MAC","All",2018,"Senate Bicameral","Senate Bicameral","Number.of.seats",NA,68,NA,NA
"IPU","MAC","All",2018,"People's Majlis Unicameral","People's Majlis Unicameral","Number.of.seats",NA,85,NA,NA
"IPU","MAC","All",2018,"National Assembly Unicameral","National Assembly Unicameral","Number.of.seats",NA,147,NA,NA
"IPU","MAC","All",2018,"House of Representatives Unicameral","House of Representatives Unicameral","Number.of.seats",NA,68,NA,NA
"IPU","MAC","All",2018,"Parliament Unicameral","Parliament Unicameral","Number.of.seats",NA,33,NA,NA
"IPU","MAC","All",2018,"National Assembly Unicameral","National Assembly Unicameral","Number.of.seats",NA,147,NA,NA
"IPU","MAC","All",2018,"National Assembly Unicameral","National Assembly Unicameral","Number.of.seats",NA,69,NA,NA
"IPU","MAC","All",2018,"Chamber of Deputies Bicameral","Chamber of Deputies Bicameral","Number.of.seats",NA,500,NA,NA
"IPU","MAC","All",2018,"Senate Bicameral","Senate Bicameral","Number.of.seats",NA,128,NA,NA
"IPU","MAC","All",2018,"Congress Unicameral","Congress Unicameral","Number.of.seats",NA,14,NA,NA
"IPU","MAC","All",2018,"National Council Unicameral","National Council Unicameral","Number.of.seats",NA,24,NA,NA
"IPU","MAC","All",2018,"State Great Hural Unicameral","State Great Hural Unicameral","Number.of.seats",NA,76,NA,NA
"IPU","MAC","All",2018,"Parliament Unicameral","Parliament Unicameral","Number.of.seats",NA,81,NA,NA
"IPU","MYT","All",2018,"House of Representatives Bicameral","House of Representatives Bicameral","Number.of.seats",NA,395,NA,NA
"IPU","MYT","All",2018,"House of Councillors Bicameral","House of Councillors Bicameral","Number.of.seats",NA,120,NA,NA
"IPU","MYT","All",2018,"Assembly of the Republic Unicameral","Assembly of the Republic Unicameral","Number.of.seats",NA,250,NA,NA
"IPU","MYT","All",2018,"House of Representatives Bicameral","House of Representatives Bicameral","Number.of.seats",NA,433,NA,NA
"IPU","MYT","All",2018,"House of Nationalities Bicameral","House of Nationalities Bicameral","Number.of.seats",NA,224,NA,NA
"IPU","NAM","All",2018,"National Assembly Bicameral","National Assembly Bicameral","Number.of.seats",NA,104,NA,NA
"IPU","NAM","All",2018,"National Council Bicameral","National Council Bicameral","Number.of.seats",NA,41,NA,NA
"IPU","NAM","All",2018,"Parliament Unicameral","Parliament Unicameral","Number.of.seats",NA,19,NA,NA
"IPU","NAM","All",2018,"House of Representatives Bicameral","House of Representatives Bicameral","Number.of.seats",NA,275,NA,NA
"IPU","NAM","All",2018,"National Assembly Bicameral","National Assembly Bicameral","Number.of.seats",NA,59,NA,NA
"IPU","NAM","All",2018,"House of Representatives Bicameral","House of Representatives Bicameral","Number.of.seats",NA,150,NA,NA
"IPU","NAM","All",2018,"Senate Bicameral","Senate Bicameral","Number.of.seats",NA,75,NA,NA
"IPU","NCL","All",2018,"House of Representatives Unicameral","House of Representatives Unicameral","Number.of.seats",NA,120,NA,NA
"IPU","NCL","All",2018,"National Assembly Unicameral","National Assembly Unicameral","Number.of.seats",NA,92,NA,NA
"IPU","NER","All",2018,"National Assembly Unicameral","National Assembly Unicameral","Number.of.seats",NA,171,NA,NA
"IPU","NGA","All",2018,"House of Representatives Bicameral","House of Representatives Bicameral","Number.of.seats",NA,360,NA,NA
"IPU","NGA","All",2018,"Senate Bicameral","Senate Bicameral","Number.of.seats",NA,108,NA,NA
"IPU","NZL","All",2018,"Parliament Unicameral","Parliament Unicameral","Number.of.seats",NA,169,NA,NA
"IPU","OMN","All",2018,"Consultative Council Bicameral","Consultative Council Bicameral","Number.of.seats",NA,85,NA,NA
"IPU","OMN","All",2018,"State Council Bicameral","State Council Bicameral","Number.of.seats",NA,85,NA,NA
"IPU","PAK","All",2018,"National Assembly Bicameral","National Assembly Bicameral","Number.of.seats",NA,340,NA,NA
"IPU","PAK","All",2018,"Senate Bicameral","Senate Bicameral","Number.of.seats",NA,104,NA,NA
"IPU","PAK","All",2018,"House of Delegates Bicameral","House of Delegates Bicameral","Number.of.seats",NA,16,NA,NA
"IPU","PAK","All",2018,"Senate Bicameral","Senate Bicameral","Number.of.seats",NA,13,NA,NA
"IPU","PAN","All",2018,"National Assembly Unicameral","National Assembly Unicameral","Number.of.seats",NA,71,NA,NA
"IPU","PAN","All",2018,"National Parliament Unicameral","National Parliament Unicameral","Number.of.seats",NA,106,NA,NA
"IPU","PAN","All",2018,"Chamber of Deputies Bicameral","Chamber of Deputies Bicameral","Number.of.seats",NA,80,NA,NA
"IPU","PAN","All",2018,"Senate Bicameral","Senate Bicameral","Number.of.seats",NA,45,NA,NA
"IPU","PER","All",2018,"Congress of the Republic Unicameral","Congress of the Republic Unicameral","Number.of.seats",NA,130,NA,NA
"IPU","PNG","All",2018,"House of Representatives Bicameral","House of Representatives Bicameral","Number.of.seats",NA,292,NA,NA
"IPU","PNG","All",2018,"Senate Bicameral","Senate Bicameral","Number.of.seats",NA,24,NA,NA
"IPU","POL","All",2018,"Sejm Bicameral","Sejm Bicameral","Number.of.seats",NA,460,NA,NA
"IPU","POL","All",2018,"Senate Bicameral","Senate Bicameral","Number.of.seats",NA,100,NA,NA
"IPU","RCA","All",2018,"Assembly of the Republic Unicameral","Assembly of the Republic Unicameral","Number.of.seats",NA,230,NA,NA
"IPU","RCA","All",2018,"Advisory Council Unicameral","Advisory Council Unicameral","Number.of.seats",NA,41,NA,NA
"IPU","RCA","All",2018,"National Assembly Unicameral","National Assembly Unicameral","Number.of.seats",NA,300,NA,NA
"IPU","RCA","All",2018,"Parliament Unicameral","Parliament Unicameral","Number.of.seats",NA,101,NA,NA
"IPU","ROU","All",2018,"Chamber of Deputies Bicameral","Chamber of Deputies Bicameral","Number.of.seats",NA,329,NA,NA
"IPU","ROU","All",2018,"Senate Bicameral","Senate Bicameral","Number.of.seats",NA,136,NA,NA
"IPU","RUS","All",2018,"State Duma Bicameral","State Duma Bicameral","Number.of.seats",NA,450,NA,NA
"IPU","RUS","All",2018,"Council of the Federation Bicameral","Council of the Federation Bicameral","Number.of.seats",NA,170,NA,NA
"IPU","RWA","All",2018,"Chamber of Deputies Bicameral","Chamber of Deputies Bicameral","Number.of.seats",NA,80,NA,NA
"IPU","RWA","All",2018,"Senate Bicameral","Senate Bicameral","Number.of.seats",NA,26,NA,NA
"IPU","SDN","All",2018,"National Assembly Unicameral","National Assembly Unicameral","Number.of.seats",NA,15,NA,NA
"IPU","SDN","All",2018,"House of Assembly Bicameral","House of Assembly Bicameral","Number.of.seats",NA,18,NA,NA
"IPU","SDN","All",2018,"Senate Bicameral","Senate Bicameral","Number.of.seats",NA,11,NA,NA
"IPU","SDN","All",2018,"House of Assembly Unicameral","House of Assembly Unicameral","Number.of.seats",NA,23,NA,NA
"IPU","SDN","All",2018,"Legislative Assembly Unicameral","Legislative Assembly Unicameral","Number.of.seats",NA,50,NA,NA
"IPU","SDN","All",2018,"Great and General Council Unicameral","Great and General Council Unicameral","Number.of.seats",NA,60,NA,NA
"IPU","SDN","All",2018,"National Assembly Unicameral","National Assembly Unicameral","Number.of.seats",NA,55,NA,NA
"IPU","SDN","All",2018,"Shura Council Unicameral","Shura Council Unicameral","Number.of.seats",NA,151,NA,NA
"IPU","SDN","All",2018,"National Assembly Unicameral","National Assembly Unicameral","Number.of.seats",NA,165,NA,NA
"IPU","SDN","All",2018,"National Assembly Unicameral","National Assembly Unicameral","Number.of.seats",NA,250,NA,NA
"IPU","SDN","All",2018,"National Assembly Unicameral","National Assembly Unicameral","Number.of.seats",NA,33,NA,NA
"IPU","SDN","All",2018,"Parliament Unicameral","Parliament Unicameral","Number.of.seats",NA,144,NA,NA
"IPU","SGP","All",2018,"Parliament Unicameral","Parliament Unicameral","Number.of.seats",NA,100,NA,NA
"IPU","SMR","All",2018,"National Council Unicameral","National Council Unicameral","Number.of.seats",NA,150,NA,NA
"IPU","SMR","All",2018,"National Assembly Bicameral","National Assembly Bicameral","Number.of.seats",NA,90,NA,NA
"IPU","SMR","All",2018,"National Council Bicameral","National Council Bicameral","Number.of.seats",NA,40,NA,NA
"IPU","SMR","All",2018,"National Parliament Unicameral","National Parliament Unicameral","Number.of.seats",NA,50,NA,NA
"IPU","SOM","All",2018,"House of the People Bicameral","House of the People Bicameral","Number.of.seats",NA,275,NA,NA
"IPU","SOM","All",2018,"Upper House Bicameral","Upper House Bicameral","Number.of.seats",NA,54,NA,NA
"IPU","SOM","All",2018,"National Assembly Bicameral","National Assembly Bicameral","Number.of.seats",NA,394,NA,NA
"IPU","SOM","All",2018,"National Council of Provinces Bicameral","National Council of Provinces Bicameral","Number.of.seats",NA,54,NA,NA
"IPU","SOM","All",2018,"Transitional National Legislative Assembly Bicameral","Transitional National Legislative Assembly Bicameral","Number.of.seats",NA,383,NA,NA
"IPU","SOM","All",2018,"Council of States Bicameral","Council of States Bicameral","Number.of.seats",NA,50,NA,NA
"IPU","SOM","All",2018,"Congress of Deputies Bicameral","Congress of Deputies Bicameral","Number.of.seats",NA,350,NA,NA
"IPU","SOM","All",2018,"Senate Bicameral","Senate Bicameral","Number.of.seats",NA,266,NA,NA
"IPU","SOM","All",2018,"Parliament Unicameral","Parliament Unicameral","Number.of.seats",NA,225,NA,NA
"IPU","SOM","All",2018,"National Assembly Bicameral","National Assembly Bicameral","Number.of.seats",NA,426,NA,NA
"IPU","SOM","All",2018,"Council of States Bicameral","Council of States Bicameral","Number.of.seats",NA,54,NA,NA
"IPU","SUR","All",2018,"National Assembly Unicameral","National Assembly Unicameral","Number.of.seats",NA,51,NA,NA
"IPU","SWZ","All",2018,"House of Assembly Bicameral","House of Assembly Bicameral","Number.of.seats",NA,65,NA,NA
"IPU","SWZ","All",2018,"Senate Bicameral","Senate Bicameral","Number.of.seats",NA,30,NA,NA
"IPU","SYC","All",2018,"Parliament Unicameral","Parliament Unicameral","Number.of.seats",NA,349,NA,NA
"IPU","SYC","All",2018,"National Council Bicameral","National Council Bicameral","Number.of.seats",NA,200,NA,NA
"IPU","SYC","All",2018,"Council of States Bicameral","Council of States Bicameral","Number.of.seats",NA,46,NA,NA
"IPU","SYR","All",2018,"People's Assembly Unicameral","People's Assembly Unicameral","Number.of.seats",NA,250,NA,NA
"IPU","SYR","All",2018,"House of Representatives Bicameral","House of Representatives Bicameral","Number.of.seats",NA,63,NA,NA
"IPU","SYR","All",2018,"National Assembly Bicameral","National Assembly Bicameral","Number.of.seats",NA,32,NA,NA
"IPU","SYR","All",2018,"National Legislative Assembly Unicameral","National Legislative Assembly Unicameral","Number.of.seats",NA,250,NA,NA
"IPU","SYR","All",2018,"Assembly of the Republic Unicameral","Assembly of the Republic Unicameral","Number.of.seats",NA,120,NA,NA
"IPU","SYR","All",2018,"National Parliament Unicameral","National Parliament Unicameral","Number.of.seats",NA,65,NA,NA
"IPU","SYR","All",2018,"National Assembly Unicameral","National Assembly Unicameral","Number.of.seats",NA,91,NA,NA
"IPU","SYR","All",2018,"Legislative Assembly Unicameral","Legislative Assembly Unicameral","Number.of.seats",NA,27,NA,NA
"IPU","SYR","All",2018,"House of Representatives Bicameral","House of Representatives Bicameral","Number.of.seats",NA,42,NA,NA
"IPU","SYR","All",2018,"Senate Bicameral","Senate Bicameral","Number.of.seats",NA,31,NA,NA
"IPU","TUN","All",2018,"Assembly of People's Representatives Unicameral","Assembly of People's Representatives Unicameral","Number.of.seats",NA,217,NA,NA
"IPU","TZA","All",2018,"Grand National Assembly of Turkey Unicameral","Grand National Assembly of Turkey Unicameral","Number.of.seats",NA,549,NA,NA
"IPU","TZA","All",2018,"Assembly Unicameral","Assembly Unicameral","Number.of.seats",NA,125,NA,NA
"IPU","TZA","All",2018,"Parliament of Tuvalu Unicameral","Parliament of Tuvalu Unicameral","Number.of.seats",NA,15,NA,NA
"IPU","TZA","All",2018,"Parliament Unicameral","Parliament Unicameral","Number.of.seats",NA,449,NA,NA
"IPU","TZA","All",2018,"Parliament Unicameral","Parliament Unicameral","Number.of.seats",NA,423,NA,NA
"IPU","TZA","All",2018,"Federal National Council Unicameral","Federal National Council Unicameral","Number.of.seats",NA,40,NA,NA
"IPU","TZA","All",2018,"House of Commons Bicameral","House of Commons Bicameral","Number.of.seats",NA,650,NA,NA
"IPU","TZA","All",2018,"House of Lords Bicameral","House of Lords Bicameral","Number.of.seats",NA,805,NA,NA
"IPU","UKR","All",2018,"National Assembly Unicameral","National Assembly Unicameral","Number.of.seats",NA,390,NA,NA
"IPU","USA","All",2018,"House of Representatives Bicameral","House of Representatives Bicameral","Number.of.seats",NA,431,NA,NA
"IPU","USA","All",2018,"Senate Bicameral","Senate Bicameral","Number.of.seats",NA,100,NA,NA
"IPU","USA","All",2018,"House of Representatives Bicameral","House of Representatives Bicameral","Number.of.seats",NA,99,NA,NA
"IPU","USA","All",2018,"Senate Bicameral","Senate Bicameral","Number.of.seats",NA,31,NA,NA
"IPU","UZB","All",2018,"Legislative Chamber Bicameral","Legislative Chamber Bicameral","Number.of.seats",NA,150,NA,NA
"IPU","UZB","All",2018,"Senate Bicameral","Senate Bicameral","Number.of.seats",NA,100,NA,NA
"IPU","VAT","All",2018,"Parliament Unicameral","Parliament Unicameral","Number.of.seats",NA,52,NA,NA
"IPU","VGB","All",2018,"National Assembly Unicameral","National Assembly Unicameral","Number.of.seats",NA,167,NA,NA
"IPU","VGB","All",2018,"National Assembly Unicameral","National Assembly Unicameral","Number.of.seats",NA,494,NA,NA
"IPU","WSM","All",2018,"House of Representatives Bicameral","House of Representatives Bicameral","Number.of.seats",NA,275,NA,NA
"IPU","WSM","All",2018,"Consultative Council Bicameral","Consultative Council Bicameral","Number.of.seats",NA,111,NA,NA
"IPU","ZMB","All",2018,"National Assembly Unicameral","National Assembly Unicameral","Number.of.seats",NA,167,NA,NA
"IPU","ZMB","All",2018,"National Assembly Bicameral","National Assembly Bicameral","Number.of.seats",NA,250,NA,NA
"IPU","ZMB","All",2018,"Senate Bicameral","Senate Bicameral","Number.of.seats",NA,79,NA,NA
"IPU","AFG","All",2018,"House of the People Bicameral","House of the People Bicameral","Number.of.women.parliamentarians",NA,69,NA,NA
"IPU","AFG","All",2018,"House of Elders Bicameral","House of Elders Bicameral","Number.of.women.parliamentarians",NA,18,NA,NA
"IPU","ALB","All",2018,"Parliament Unicameral","Parliament Unicameral","Number.of.women.parliamentarians",NA,39,NA,NA
"IPU","ALB","All",2018,"National People's Assembly Bicameral","National People's Assembly Bicameral","Number.of.women.parliamentarians",NA,119,NA,NA
"IPU","ALB","All",2018,"Council of the Nation Bicameral","Council of the Nation Bicameral","Number.of.women.parliamentarians",NA,10,NA,NA
"IPU","AND","All",2018,"General Council Unicameral","General Council Unicameral","Number.of.women.parliamentarians",NA,9,NA,NA
"IPU","AND","All",2018,"National Assembly Unicameral","National Assembly Unicameral","Number.of.women.parliamentarians",NA,67,NA,NA
"IPU","ATA","All",2018,"House of Representatives Bicameral","House of Representatives Bicameral","Number.of.women.parliamentarians",NA,2,NA,NA
"IPU","ATA","All",2018,"Senate Bicameral","Senate Bicameral","Number.of.women.parliamentarians",NA,9,NA,NA
"IPU","ATA","All",2018,"Chamber of Deputies Bicameral","Chamber of Deputies Bicameral","Number.of.women.parliamentarians",NA,100,NA,NA
"IPU","ATA","All",2018,"Senate Bicameral","Senate Bicameral","Number.of.women.parliamentarians",NA,30,NA,NA
"IPU","ATA","All",2018,"National Assembly Unicameral","National Assembly Unicameral","Number.of.women.parliamentarians",NA,19,NA,NA
"IPU","ATA","All",2018,"House of Representatives Bicameral","House of Representatives Bicameral","Number.of.women.parliamentarians",NA,43,NA,NA
"IPU","ATA","All",2018,"Senate Bicameral","Senate Bicameral","Number.of.women.parliamentarians",NA,31,NA,NA
"IPU","ATA","All",2018,"National Council Bicameral","National Council Bicameral","Number.of.women.parliamentarians",NA,63,NA,NA
"IPU","ATA","All",2018,"Federal Council Bicameral","Federal Council Bicameral","Number.of.women.parliamentarians",NA,19,NA,NA
"IPU","ATA","All",2018,"National Assembly Unicameral","National Assembly Unicameral","Number.of.women.parliamentarians",NA,21,NA,NA
"IPU","ATA","All",2018,"House of Assembly Bicameral","House of Assembly Bicameral","Number.of.women.parliamentarians",NA,5,NA,NA
"IPU","ATA","All",2018,"Senate Bicameral","Senate Bicameral","Number.of.women.parliamentarians",NA,7,NA,NA
"IPU","ATA","All",2018,"Council of Representatives Bicameral","Council of Representatives Bicameral","Number.of.women.parliamentarians",NA,3,NA,NA
"IPU","ATA","All",2018,"Shura Council Bicameral","Shura Council Bicameral","Number.of.women.parliamentarians",NA,9,NA,NA
"IPU","ATA","All",2018,"Parliament Unicameral","Parliament Unicameral","Number.of.women.parliamentarians",NA,71,NA,NA
"IPU","ATA","All",2018,"House of Assembly Bicameral","House of Assembly Bicameral","Number.of.women.parliamentarians",NA,5,NA,NA
"IPU","ATA","All",2018,"Senate Bicameral","Senate Bicameral","Number.of.women.parliamentarians",NA,5,NA,NA
"IPU","ATA","All",2018,"House of Representatives Bicameral","House of Representatives Bicameral","Number.of.women.parliamentarians",NA,38,NA,NA
"IPU","ATA","All",2018,"Council of the Republic Bicameral","Council of the Republic Bicameral","Number.of.women.parliamentarians",NA,17,NA,NA
"IPU","ATA","All",2018,"House of Representatives Bicameral","House of Representatives Bicameral","Number.of.women.parliamentarians",NA,57,NA,NA
"IPU","ATA","All",2018,"Senate Bicameral","Senate Bicameral","Number.of.women.parliamentarians",NA,30,NA,NA
"IPU","ATA","All",2018,"House of Representatives Bicameral","House of Representatives Bicameral","Number.of.women.parliamentarians",NA,3,NA,NA
"IPU","ATA","All",2018,"Senate Bicameral","Senate Bicameral","Number.of.women.parliamentarians",NA,2,NA,NA
"IPU","BEN","All",2018,"National Assembly Unicameral","National Assembly Unicameral","Number.of.women.parliamentarians",NA,6,NA,NA
"IPU","BMU","All",2018,"National Assembly Bicameral","National Assembly Bicameral","Number.of.women.parliamentarians",NA,4,NA,NA
"IPU","BMU","All",2018,"National Council Bicameral","National Council Bicameral","Number.of.women.parliamentarians",NA,2,NA,NA
"IPU","BRB","All",2018,"Chamber of Deputies Bicameral","Chamber of Deputies Bicameral","Number.of.women.parliamentarians",NA,69,NA,NA
"IPU","BRB","All",2018,"Chamber of Senators Bicameral","Chamber of Senators Bicameral","Number.of.women.parliamentarians",NA,17,NA,NA
"IPU","BRB","All",2018,"House of Representatives Bicameral","House of Representatives Bicameral","Number.of.women.parliamentarians",NA,9,NA,NA
"IPU","BRB","All",2018,"House of Peoples Bicameral","House of Peoples Bicameral","Number.of.women.parliamentarians",NA,2,NA,NA
"IPU","BRB","All",2018,"National Assembly Unicameral","National Assembly Unicameral","Number.of.women.parliamentarians",NA,6,NA,NA
"IPU","BRB","All",2018,"Chamber of Deputies Bicameral","Chamber of Deputies Bicameral","Number.of.women.parliamentarians",NA,55,NA,NA
"IPU","BRB","All",2018,"Federal Senate Bicameral","Federal Senate Bicameral","Number.of.women.parliamentarians",NA,12,NA,NA
"IPU","BWA","All",2018,"Legislative Council Unicameral","Legislative Council Unicameral","Number.of.women.parliamentarians",NA,3,NA,NA
"IPU","BWA","All",2018,"National Assembly Unicameral","National Assembly Unicameral","Number.of.women.parliamentarians",NA,57,NA,NA
"IPU","BWA","All",2018,"National Assembly Unicameral","National Assembly Unicameral","Number.of.women.parliamentarians",NA,14,NA,NA
"IPU","BWA","All",2018,"National Assembly Bicameral","National Assembly Bicameral","Number.of.women.parliamentarians",NA,44,NA,NA
"IPU","BWA","All",2018,"Senate Bicameral","Senate Bicameral","Number.of.women.parliamentarians",NA,18,NA,NA
"IPU","BWA","All",2018,"National Assembly Unicameral","National Assembly Unicameral","Number.of.women.parliamentarians",NA,17,NA,NA
"IPU","BWA","All",2018,"National Assembly Bicameral","National Assembly Bicameral","Number.of.women.parliamentarians",NA,25,NA,NA
"IPU","BWA","All",2018,"Senate Bicameral","Senate Bicameral","Number.of.women.parliamentarians",NA,10,NA,NA
"IPU","BWA","All",2018,"Senate Bicameral","Senate Bicameral","Number.of.women.parliamentarians",NA,0,NA,NA
"IPU","BWA","All",2018,"National Assembly Bicameral","National Assembly Bicameral","Number.of.women.parliamentarians",NA,56,NA,NA
"IPU","CAN","All",2018,"House of Commons Bicameral","House of Commons Bicameral","Number.of.women.parliamentarians",NA,91,NA,NA
"IPU","CAN","All",2018,"Senate Bicameral","Senate Bicameral","Number.of.women.parliamentarians",NA,43,NA,NA
"IPU","CAN","All",2018,"National Assembly Unicameral","National Assembly Unicameral","Number.of.women.parliamentarians",NA,12,NA,NA
"IPU","CAN","All",2018,"National Assembly Unicameral","National Assembly Unicameral","Number.of.women.parliamentarians",NA,28,NA,NA
"IPU","CAN","All",2018,"Chamber of Deputies Bicameral","Chamber of Deputies Bicameral","Number.of.women.parliamentarians",NA,35,NA,NA
"IPU","CAN","All",2018,"Senate Bicameral","Senate Bicameral","Number.of.women.parliamentarians",NA,10,NA,NA
"IPU","CAN","All",2018,"National People's Congress Unicameral","National People's Congress Unicameral","Number.of.women.parliamentarians",NA,742,NA,NA
"IPU","CXR","All",2018,"House of Representatives Bicameral","House of Representatives Bicameral","Number.of.women.parliamentarians",NA,25,NA,NA
"IPU","CXR","All",2018,"Senate Bicameral","Senate Bicameral","Number.of.women.parliamentarians",NA,31,NA,NA
"IPU","CXR","All",2018,"Assembly of the Union Unicameral","Assembly of the Union Unicameral","Number.of.women.parliamentarians",NA,2,NA,NA
"IPU","CXR","All",2018,"National Assembly Bicameral","National Assembly Bicameral","Number.of.women.parliamentarians",NA,17,NA,NA
"IPU","CXR","All",2018,"Senate Bicameral","Senate Bicameral","Number.of.women.parliamentarians",NA,14,NA,NA
"IPU","CXR","All",2018,"Legislative Assembly Unicameral","Legislative Assembly Unicameral","Number.of.women.parliamentarians",NA,26,NA,NA
"IPU","CXR","All",2018,"National Assembly Bicameral","National Assembly Bicameral","Number.of.women.parliamentarians",NA,27,NA,NA
"IPU","CXR","All",2018,"Senate Bicameral","Senate Bicameral","Number.of.women.parliamentarians",NA,8,NA,NA
"IPU","CXR","All",2018,"Croatian Parliament Unicameral","Croatian Parliament Unicameral","Number.of.women.parliamentarians",NA,28,NA,NA
"IPU","CXR","All",2018,"National Assembly of the People's Power Unicameral","National Assembly of the People's Power Unicameral","Number.of.women.parliamentarians",NA,322,NA,NA
"IPU","CXR","All",2018,"House of Representatives Unicameral","House of Representatives Unicameral","Number.of.women.parliamentarians",NA,10,NA,NA
"IPU","CZE","All",2018,"Chamber of Deputies Bicameral","Chamber of Deputies Bicameral","Number.of.women.parliamentarians",NA,44,NA,NA
"IPU","CZE","All",2018,"Senate Bicameral","Senate Bicameral","Number.of.women.parliamentarians",NA,15,NA,NA
"IPU","CZE","All",2018,"Supreme People's Assembly Unicameral","Supreme People's Assembly Unicameral","Number.of.women.parliamentarians",NA,112,NA,NA
"IPU","CZE","All",2018,"National Assembly Bicameral","National Assembly Bicameral","Number.of.women.parliamentarians",NA,44,NA,NA
"IPU","CZE","All",2018,"Senate Bicameral","Senate Bicameral","Number.of.women.parliamentarians",NA,5,NA,NA
"IPU","CZE","All",2018,"The Danish Parliament Unicameral","The Danish Parliament Unicameral","Number.of.women.parliamentarians",NA,67,NA,NA
"IPU","DJI","All",2018,"National Assembly Unicameral","National Assembly Unicameral","Number.of.women.parliamentarians",NA,15,NA,NA
"IPU","DNK","All",2018,"House of Assembly Unicameral","House of Assembly Unicameral","Number.of.women.parliamentarians",NA,8,NA,NA
"IPU","DOM","All",2018,"Chamber of Deputies Bicameral","Chamber of Deputies Bicameral","Number.of.women.parliamentarians",NA,51,NA,NA
"IPU","DOM","All",2018,"Senate Bicameral","Senate Bicameral","Number.of.women.parliamentarians",NA,3,NA,NA
"IPU","DZA","All",2018,"National Assembly Unicameral","National Assembly Unicameral","Number.of.women.parliamentarians",NA,52,NA,NA
"IPU","EGY","All",2018,"House of Representatives Unicameral","House of Representatives Unicameral","Number.of.women.parliamentarians",NA,89,NA,NA
"IPU","EGY","All",2018,"Legislative Assembly Unicameral","Legislative Assembly Unicameral","Number.of.women.parliamentarians",NA,0,NA,NA
"IPU","EGY","All",2018,"Chamber of Deputies Bicameral","Chamber of Deputies Bicameral","Number.of.women.parliamentarians",NA,20,NA,NA
"IPU","EGY","All",2018,"Senate Bicameral","Senate Bicameral","Number.of.women.parliamentarians",NA,11,NA,NA
"IPU","ERI","All",2018,"National Assembly Unicameral","National Assembly Unicameral","Number.of.women.parliamentarians",NA,33,NA,NA
"IPU","ERI","All",2018,"The Estonian Parliament Unicameral","The Estonian Parliament Unicameral","Number.of.women.parliamentarians",NA,27,NA,NA
"IPU","ETH","All",2018,"House of Peoples' Representatives Bicameral","House of Peoples' Representatives Bicameral","Number.of.women.parliamentarians",NA,212,NA,NA
"IPU","ETH","All",2018,"House of the Federation Bicameral","House of the Federation Bicameral","Number.of.women.parliamentarians",NA,49,NA,NA
"IPU","FLK","All",2018,"Parliament Unicameral","Parliament Unicameral","Number.of.women.parliamentarians",NA,8,NA,NA
"IPU","FIN","All",2018,"Parliament Unicameral","Parliament Unicameral","Number.of.women.parliamentarians",NA,84,NA,NA
"IPU","FRA","All",2018,"National Assembly Bicameral","National Assembly Bicameral","Number.of.women.parliamentarians",NA,225,NA,NA
"IPU","FRA","All",2018,"Senate Bicameral","Senate Bicameral","Number.of.women.parliamentarians",NA,102,NA,NA
"IPU","FSM","All",2018,"National Assembly Bicameral","National Assembly Bicameral","Number.of.women.parliamentarians",NA,20,NA,NA
"IPU","FSM","All",2018,"Senate Bicameral","Senate Bicameral","Number.of.women.parliamentarians",NA,18,NA,NA
"IPU","FSM","All",2018,"National Assembly Unicameral","National Assembly Unicameral","Number.of.women.parliamentarians",NA,6,NA,NA
"IPU","FSM","All",2018,"Parliament Unicameral","Parliament Unicameral","Number.of.women.parliamentarians",NA,24,NA,NA
"IPU","FSM","All",2018,"German Bundestag Bicameral","German Bundestag Bicameral","Number.of.women.parliamentarians",NA,218,NA,NA
"IPU","FSM","All",2018,"Federal Council Bicameral","Federal Council Bicameral","Number.of.women.parliamentarians",NA,27,NA,NA
"IPU","FSM","All",2018,"Parliament Unicameral","Parliament Unicameral","Number.of.women.parliamentarians",NA,35,NA,NA
"IPU","FSM","All",2018,"Hellenic Parliament Unicameral","Hellenic Parliament Unicameral","Number.of.women.parliamentarians",NA,55,NA,NA
"IPU","FSM","All",2018,"House of Representatives Bicameral","House of Representatives Bicameral","Number.of.women.parliamentarians",NA,7,NA,NA
"IPU","FSM","All",2018,"Senate Bicameral","Senate Bicameral","Number.of.women.parliamentarians",NA,2,NA,NA
"IPU","FSM","All",2018,"Congress of the Republic Unicameral","Congress of the Republic Unicameral","Number.of.women.parliamentarians",NA,22,NA,NA
"IPU","FSM","All",2018,"National Assembly Unicameral","National Assembly Unicameral","Number.of.women.parliamentarians",NA,25,NA,NA
"IPU","FSM","All",2018,"People's National Assembly Unicameral","People's National Assembly Unicameral","Number.of.women.parliamentarians",NA,14,NA,NA
"IPU","FSM","All",2018,"Parliament of the Co-operative Republic of Guyana Unicameral","Parliament of the Co-operative Republic of Guyana Unicameral","Number.of.women.parliamentarians",NA,22,NA,NA
"IPU","FSM","All",2018,"Chamber of Deputies Bicameral","Chamber of Deputies Bicameral","Number.of.women.parliamentarians",NA,3,NA,NA
"IPU","FSM","All",2018,"Senate Bicameral","Senate Bicameral","Number.of.women.parliamentarians",NA,1,NA,NA
"IPU","FSM","All",2018,"National Congress Unicameral","National Congress Unicameral","Number.of.women.parliamentarians",NA,27,NA,NA
"IPU","FSM","All",2018,"National Assembly Unicameral","National Assembly Unicameral","Number.of.women.parliamentarians",NA,20,NA,NA
"IPU","FSM","All",2018,"Parliament Unicameral","Parliament Unicameral","Number.of.women.parliamentarians",NA,24,NA,NA
"IPU","FSM","All",2018,"House of the People Bicameral","House of the People Bicameral","Number.of.women.parliamentarians",NA,64,NA,NA
"IPU","FSM","All",2018,"Council of States Bicameral","Council of States Bicameral","Number.of.women.parliamentarians",NA,0,NA,NA
"IPU","FSM","All",2018,"House of Representatives Unicameral","House of Representatives Unicameral","Number.of.women.parliamentarians",NA,111,NA,NA
"IPU","FSM","All",2018,"Islamic Parliament of Iran Unicameral","Islamic Parliament of Iran Unicameral","Number.of.women.parliamentarians",NA,17,NA,NA
"IPU","FSM","All",2018,"Council of Representatives of Iraq Unicameral","Council of Representatives of Iraq Unicameral","Number.of.women.parliamentarians",NA,83,NA,NA
"IPU","FSM","All",2018,"House of Representatives Bicameral","House of Representatives Bicameral","Number.of.women.parliamentarians",NA,35,NA,NA
"IPU","FSM","All",2018,"Senate Bicameral","Senate Bicameral","Number.of.women.parliamentarians",NA,18,NA,NA
"IPU","FSM","All",2018,"Parliament Unicameral","Parliament Unicameral","Number.of.women.parliamentarians",NA,33,NA,NA
"IPU","FSM","All",2018,"Chamber of Deputies Bicameral","Chamber of Deputies Bicameral","Number.of.women.parliamentarians",NA,225,NA,NA
"IPU","FSM","All",2018,"Senate Bicameral","Senate Bicameral","Number.of.women.parliamentarians",NA,113,NA,NA
"IPU","FSM","All",2018,"House of Representatives Bicameral","House of Representatives Bicameral","Number.of.women.parliamentarians",NA,11,NA,NA
"IPU","FSM","All",2018,"Senate Bicameral","Senate Bicameral","Number.of.women.parliamentarians",NA,5,NA,NA
"IPU","FSM","All",2018,"House of Representatives Bicameral","House of Representatives Bicameral","Number.of.women.parliamentarians",NA,47,NA,NA
"IPU","FSM","All",2018,"House of Councillors Bicameral","House of Councillors Bicameral","Number.of.women.parliamentarians",NA,50,NA,NA
"IPU","FSM","All",2018,"House of Representatives Bicameral","House of Representatives Bicameral","Number.of.women.parliamentarians",NA,20,NA,NA
"IPU","FSM","All",2018,"Senate Bicameral","Senate Bicameral","Number.of.women.parliamentarians",NA,10,NA,NA
"IPU","FSM","All",2018,"House of Representatives Bicameral","House of Representatives Bicameral","Number.of.women.parliamentarians",NA,29,NA,NA
"IPU","FSM","All",2018,"Senate Bicameral","Senate Bicameral","Number.of.women.parliamentarians",NA,5,NA,NA
"IPU","FSM","All",2018,"National Assembly Bicameral","National Assembly Bicameral","Number.of.women.parliamentarians",NA,76,NA,NA
"IPU","FSM","All",2018,"Senate Bicameral","Senate Bicameral","Number.of.women.parliamentarians",NA,21,NA,NA
"IPU","FSM","All",2018,"House of Assembly Unicameral","House of Assembly Unicameral","Number.of.women.parliamentarians",NA,3,NA,NA
"IPU","KOR","All",2018,"National Assembly Unicameral","National Assembly Unicameral","Number.of.women.parliamentarians",NA,2,NA,NA
"IPU","KOR","All",2018,"Supreme Council Unicameral","Supreme Council Unicameral","Number.of.women.parliamentarians",NA,23,NA,NA
"IPU","LAO","All",2018,"National Assembly Unicameral","National Assembly Unicameral","Number.of.women.parliamentarians",NA,41,NA,NA
"IPU","LAO","All",2018,"Parliament Unicameral","Parliament Unicameral","Number.of.women.parliamentarians",NA,16,NA,NA
"IPU","LBN","All",2018,"National Assembly Unicameral","National Assembly Unicameral","Number.of.women.parliamentarians",NA,4,NA,NA
"IPU","LBN","All",2018,"National Assembly Bicameral","National Assembly Bicameral","Number.of.women.parliamentarians",NA,27,NA,NA
"IPU","LBN","All",2018,"Senate Bicameral","Senate Bicameral","Number.of.women.parliamentarians",NA,8,NA,NA
"IPU","LBR","All",2018,"House of Representatives Bicameral","House of Representatives Bicameral","Number.of.women.parliamentarians",NA,7,NA,NA
"IPU","LBR","All",2018,"The Liberian Senate Bicameral","The Liberian Senate Bicameral","Number.of.women.parliamentarians",NA,3,NA,NA
"IPU","LBY","All",2018,"House of Representatives Unicameral","House of Representatives Unicameral","Number.of.women.parliamentarians",NA,30,NA,NA
"IPU","LBY","All",2018,"Diet Unicameral","Diet Unicameral","Number.of.women.parliamentarians",NA,3,NA,NA
"IPU","LTU","All",2018,"Parliament Unicameral","Parliament Unicameral","Number.of.women.parliamentarians",NA,30,NA,NA
"IPU","MAC","All",2018,"Chamber of Deputies Unicameral","Chamber of Deputies Unicameral","Number.of.women.parliamentarians",NA,17,NA,NA
"IPU","MAC","All",2018,"National Assembly Bicameral","National Assembly Bicameral","Number.of.women.parliamentarians",NA,29,NA,NA
"IPU","MAC","All",2018,"Senate Bicameral","Senate Bicameral","Number.of.women.parliamentarians",NA,13,NA,NA
"IPU","MAC","All",2018,"National Assembly Unicameral","National Assembly Unicameral","Number.of.women.parliamentarians",NA,32,NA,NA
"IPU","MAC","All",2018,"House of Representatives Bicameral","House of Representatives Bicameral","Number.of.women.parliamentarians",NA,23,NA,NA
"IPU","MAC","All",2018,"Senate Bicameral","Senate Bicameral","Number.of.women.parliamentarians",NA,15,NA,NA
"IPU","MAC","All",2018,"People's Majlis Unicameral","People's Majlis Unicameral","Number.of.women.parliamentarians",NA,5,NA,NA
"IPU","MAC","All",2018,"National Assembly Unicameral","National Assembly Unicameral","Number.of.women.parliamentarians",NA,13,NA,NA
"IPU","MAC","All",2018,"House of Representatives Unicameral","House of Representatives Unicameral","Number.of.women.parliamentarians",NA,10,NA,NA
"IPU","MAC","All",2018,"Parliament Unicameral","Parliament Unicameral","Number.of.women.parliamentarians",NA,3,NA,NA
"IPU","MAC","All",2018,"National Assembly Unicameral","National Assembly Unicameral","Number.of.women.parliamentarians",NA,37,NA,NA
"IPU","MAC","All",2018,"National Assembly Unicameral","National Assembly Unicameral","Number.of.women.parliamentarians",NA,8,NA,NA
"IPU","MAC","All",2018,"Chamber of Deputies Bicameral","Chamber of Deputies Bicameral","Number.of.women.parliamentarians",NA,213,NA,NA
"IPU","MAC","All",2018,"Senate Bicameral","Senate Bicameral","Number.of.women.parliamentarians",NA,47,NA,NA
"IPU","MAC","All",2018,"Congress Unicameral","Congress Unicameral","Number.of.women.parliamentarians",NA,0,NA,NA
"IPU","MAC","All",2018,"National Council Unicameral","National Council Unicameral","Number.of.women.parliamentarians",NA,8,NA,NA
"IPU","MAC","All",2018,"State Great Hural Unicameral","State Great Hural Unicameral","Number.of.women.parliamentarians",NA,13,NA,NA
"IPU","MAC","All",2018,"Parliament Unicameral","Parliament Unicameral","Number.of.women.parliamentarians",NA,19,NA,NA
"IPU","MYT","All",2018,"House of Representatives Bicameral","House of Representatives Bicameral","Number.of.women.parliamentarians",NA,81,NA,NA
"IPU","MYT","All",2018,"House of Councillors Bicameral","House of Councillors Bicameral","Number.of.women.parliamentarians",NA,14,NA,NA
"IPU","MYT","All",2018,"Assembly of the Republic Unicameral","Assembly of the Republic Unicameral","Number.of.women.parliamentarians",NA,99,NA,NA
"IPU","MYT","All",2018,"House of Representatives Bicameral","House of Representatives Bicameral","Number.of.women.parliamentarians",NA,44,NA,NA
"IPU","MYT","All",2018,"House of Nationalities Bicameral","House of Nationalities Bicameral","Number.of.women.parliamentarians",NA,23,NA,NA
"IPU","NAM","All",2018,"National Assembly Bicameral","National Assembly Bicameral","Number.of.women.parliamentarians",NA,48,NA,NA
"IPU","NAM","All",2018,"National Council Bicameral","National Council Bicameral","Number.of.women.parliamentarians",NA,10,NA,NA
"IPU","NAM","All",2018,"Parliament Unicameral","Parliament Unicameral","Number.of.women.parliamentarians",NA,2,NA,NA
"IPU","NAM","All",2018,"House of Representatives Bicameral","House of Representatives Bicameral","Number.of.women.parliamentarians",NA,90,NA,NA
"IPU","NAM","All",2018,"National Assembly Bicameral","National Assembly Bicameral","Number.of.women.parliamentarians",NA,22,NA,NA
"IPU","NAM","All",2018,"House of Representatives Bicameral","House of Representatives Bicameral","Number.of.women.parliamentarians",NA,54,NA,NA
"IPU","NAM","All",2018,"Senate Bicameral","Senate Bicameral","Number.of.women.parliamentarians",NA,26,NA,NA
"IPU","NCL","All",2018,"House of Representatives Unicameral","House of Representatives Unicameral","Number.of.women.parliamentarians",NA,46,NA,NA
"IPU","NCL","All",2018,"National Assembly Unicameral","National Assembly Unicameral","Number.of.women.parliamentarians",NA,42,NA,NA
"IPU","NER","All",2018,"National Assembly Unicameral","National Assembly Unicameral","Number.of.women.parliamentarians",NA,29,NA,NA
"IPU","NGA","All",2018,"House of Representatives Bicameral","House of Representatives Bicameral","Number.of.women.parliamentarians",NA,20,NA,NA
"IPU","NGA","All",2018,"Senate Bicameral","Senate Bicameral","Number.of.women.parliamentarians",NA,7,NA,NA
"IPU","NZL","All",2018,"Parliament Unicameral","Parliament Unicameral","Number.of.women.parliamentarians",NA,70,NA,NA
"IPU","OMN","All",2018,"Consultative Council Bicameral","Consultative Council Bicameral","Number.of.women.parliamentarians",NA,1,NA,NA
"IPU","OMN","All",2018,"State Council Bicameral","State Council Bicameral","Number.of.women.parliamentarians",NA,14,NA,NA
"IPU","PAK","All",2018,"National Assembly Bicameral","National Assembly Bicameral","Number.of.women.parliamentarians",NA,70,NA,NA
"IPU","PAK","All",2018,"Senate Bicameral","Senate Bicameral","Number.of.women.parliamentarians",NA,20,NA,NA
"IPU","PAK","All",2018,"House of Delegates Bicameral","House of Delegates Bicameral","Number.of.women.parliamentarians",NA,2,NA,NA
"IPU","PAK","All",2018,"Senate Bicameral","Senate Bicameral","Number.of.women.parliamentarians",NA,2,NA,NA
"IPU","PAN","All",2018,"National Assembly Unicameral","National Assembly Unicameral","Number.of.women.parliamentarians",NA,13,NA,NA
"IPU","PAN","All",2018,"National Parliament Unicameral","National Parliament Unicameral","Number.of.women.parliamentarians",NA,0,NA,NA
"IPU","PAN","All",2018,"Chamber of Deputies Bicameral","Chamber of Deputies Bicameral","Number.of.women.parliamentarians",NA,11,NA,NA
"IPU","PAN","All",2018,"Senate Bicameral","Senate Bicameral","Number.of.women.parliamentarians",NA,9,NA,NA
"IPU","PER","All",2018,"Congress of the Republic Unicameral","Congress of the Republic Unicameral","Number.of.women.parliamentarians",NA,36,NA,NA
"IPU","PNG","All",2018,"House of Representatives Bicameral","House of Representatives Bicameral","Number.of.women.parliamentarians",NA,86,NA,NA
"IPU","PNG","All",2018,"Senate Bicameral","Senate Bicameral","Number.of.women.parliamentarians",NA,6,NA,NA
"IPU","POL","All",2018,"Sejm Bicameral","Sejm Bicameral","Number.of.women.parliamentarians",NA,129,NA,NA
"IPU","POL","All",2018,"Senate Bicameral","Senate Bicameral","Number.of.women.parliamentarians",NA,14,NA,NA
"IPU","RCA","All",2018,"Assembly of the Republic Unicameral","Assembly of the Republic Unicameral","Number.of.women.parliamentarians",NA,80,NA,NA
"IPU","RCA","All",2018,"Advisory Council Unicameral","Advisory Council Unicameral","Number.of.women.parliamentarians",NA,4,NA,NA
"IPU","RCA","All",2018,"National Assembly Unicameral","National Assembly Unicameral","Number.of.women.parliamentarians",NA,51,NA,NA
"IPU","RCA","All",2018,"Parliament Unicameral","Parliament Unicameral","Number.of.women.parliamentarians",NA,23,NA,NA
"IPU","ROU","All",2018,"Chamber of Deputies Bicameral","Chamber of Deputies Bicameral","Number.of.women.parliamentarians",NA,68,NA,NA
"IPU","ROU","All",2018,"Senate Bicameral","Senate Bicameral","Number.of.women.parliamentarians",NA,19,NA,NA
"IPU","RUS","All",2018,"State Duma Bicameral","State Duma Bicameral","Number.of.women.parliamentarians",NA,71,NA,NA
"IPU","RUS","All",2018,"Council of the Federation Bicameral","Council of the Federation Bicameral","Number.of.women.parliamentarians",NA,29,NA,NA
"IPU","RWA","All",2018,"Chamber of Deputies Bicameral","Chamber of Deputies Bicameral","Number.of.women.parliamentarians",NA,49,NA,NA
"IPU","RWA","All",2018,"Senate Bicameral","Senate Bicameral","Number.of.women.parliamentarians",NA,10,NA,NA
"IPU","SDN","All",2018,"National Assembly Unicameral","National Assembly Unicameral","Number.of.women.parliamentarians",NA,2,NA,NA
"IPU","SDN","All",2018,"House of Assembly Bicameral","House of Assembly Bicameral","Number.of.women.parliamentarians",NA,3,NA,NA
"IPU","SDN","All",2018,"Senate Bicameral","Senate Bicameral","Number.of.women.parliamentarians",NA,3,NA,NA
"IPU","SDN","All",2018,"House of Assembly Unicameral","House of Assembly Unicameral","Number.of.women.parliamentarians",NA,3,NA,NA
"IPU","SDN","All",2018,"Legislative Assembly Unicameral","Legislative Assembly Unicameral","Number.of.women.parliamentarians",NA,5,NA,NA
"IPU","SDN","All",2018,"Great and General Council Unicameral","Great and General Council Unicameral","Number.of.women.parliamentarians",NA,16,NA,NA
"IPU","SDN","All",2018,"National Assembly Unicameral","National Assembly Unicameral","Number.of.women.parliamentarians",NA,10,NA,NA
"IPU","SDN","All",2018,"Shura Council Unicameral","Shura Council Unicameral","Number.of.women.parliamentarians",NA,30,NA,NA
"IPU","SDN","All",2018,"National Assembly Unicameral","National Assembly Unicameral","Number.of.women.parliamentarians",NA,69,NA,NA
"IPU","SDN","All",2018,"National Assembly Unicameral","National Assembly Unicameral","Number.of.women.parliamentarians",NA,85,NA,NA
"IPU","SDN","All",2018,"National Assembly Unicameral","National Assembly Unicameral","Number.of.women.parliamentarians",NA,7,NA,NA
"IPU","SDN","All",2018,"Parliament Unicameral","Parliament Unicameral","Number.of.women.parliamentarians",NA,0,NA,NA
"IPU","SGP","All",2018,"Parliament Unicameral","Parliament Unicameral","Number.of.women.parliamentarians",NA,23,NA,NA
"IPU","SMR","All",2018,"National Council Unicameral","National Council Unicameral","Number.of.women.parliamentarians",NA,30,NA,NA
"IPU","SMR","All",2018,"National Assembly Bicameral","National Assembly Bicameral","Number.of.women.parliamentarians",NA,33,NA,NA
"IPU","SMR","All",2018,"National Council Bicameral","National Council Bicameral","Number.of.women.parliamentarians",NA,4,NA,NA
"IPU","SMR","All",2018,"National Parliament Unicameral","National Parliament Unicameral","Number.of.women.parliamentarians",NA,1,NA,NA
"IPU","SOM","All",2018,"House of the People Bicameral","House of the People Bicameral","Number.of.women.parliamentarians",NA,67,NA,NA
"IPU","SOM","All",2018,"Upper House Bicameral","Upper House Bicameral","Number.of.women.parliamentarians",NA,13,NA,NA
"IPU","SOM","All",2018,"National Assembly Bicameral","National Assembly Bicameral","Number.of.women.parliamentarians",NA,167,NA,NA
"IPU","SOM","All",2018,"National Council of Provinces Bicameral","National Council of Provinces Bicameral","Number.of.women.parliamentarians",NA,19,NA,NA
"IPU","SOM","All",2018,"Transitional National Legislative Assembly Bicameral","Transitional National Legislative Assembly Bicameral","Number.of.women.parliamentarians",NA,109,NA,NA
"IPU","SOM","All",2018,"Council of States Bicameral","Council of States Bicameral","Number.of.women.parliamentarians",NA,6,NA,NA
"IPU","SOM","All",2018,"Congress of Deputies Bicameral","Congress of Deputies Bicameral","Number.of.women.parliamentarians",NA,137,NA,NA
"IPU","SOM","All",2018,"Senate Bicameral","Senate Bicameral","Number.of.women.parliamentarians",NA,101,NA,NA
"IPU","SOM","All",2018,"Parliament Unicameral","Parliament Unicameral","Number.of.women.parliamentarians",NA,13,NA,NA
"IPU","SOM","All",2018,"National Assembly Bicameral","National Assembly Bicameral","Number.of.women.parliamentarians",NA,130,NA,NA
"IPU","SOM","All",2018,"Council of States Bicameral","Council of States Bicameral","Number.of.women.parliamentarians",NA,19,NA,NA
"IPU","SUR","All",2018,"National Assembly Unicameral","National Assembly Unicameral","Number.of.women.parliamentarians",NA,13,NA,NA
"IPU","SWZ","All",2018,"House of Assembly Bicameral","House of Assembly Bicameral","Number.of.women.parliamentarians",NA,4,NA,NA
"IPU","SWZ","All",2018,"Senate Bicameral","Senate Bicameral","Number.of.women.parliamentarians",NA,10,NA,NA
"IPU","SYC","All",2018,"Parliament Unicameral","Parliament Unicameral","Number.of.women.parliamentarians",NA,152,NA,NA
"IPU","SYC","All",2018,"National Council Bicameral","National Council Bicameral","Number.of.women.parliamentarians",NA,65,NA,NA
"IPU","SYC","All",2018,"Council of States Bicameral","Council of States Bicameral","Number.of.women.parliamentarians",NA,7,NA,NA
"IPU","SYR","All",2018,"People's Assembly Unicameral","People's Assembly Unicameral","Number.of.women.parliamentarians",NA,33,NA,NA
"IPU","SYR","All",2018,"House of Representatives Bicameral","House of Representatives Bicameral","Number.of.women.parliamentarians",NA,12,NA,NA
"IPU","SYR","All",2018,"National Assembly Bicameral","National Assembly Bicameral","Number.of.women.parliamentarians",NA,7,NA,NA
"IPU","SYR","All",2018,"National Legislative Assembly Unicameral","National Legislative Assembly Unicameral","Number.of.women.parliamentarians",NA,12,NA,NA
"IPU","SYR","All",2018,"Assembly of the Republic Unicameral","Assembly of the Republic Unicameral","Number.of.women.parliamentarians",NA,45,NA,NA
"IPU","SYR","All",2018,"National Parliament Unicameral","National Parliament Unicameral","Number.of.women.parliamentarians",NA,21,NA,NA
"IPU","SYR","All",2018,"National Assembly Unicameral","National Assembly Unicameral","Number.of.women.parliamentarians",NA,16,NA,NA
"IPU","SYR","All",2018,"Legislative Assembly Unicameral","Legislative Assembly Unicameral","Number.of.women.parliamentarians",NA,2,NA,NA
"IPU","SYR","All",2018,"House of Representatives Bicameral","House of Representatives Bicameral","Number.of.women.parliamentarians",NA,13,NA,NA
"IPU","SYR","All",2018,"Senate Bicameral","Senate Bicameral","Number.of.women.parliamentarians",NA,9,NA,NA
"IPU","TUN","All",2018,"Assembly of People's Representatives Unicameral","Assembly of People's Representatives Unicameral","Number.of.women.parliamentarians",NA,68,NA,NA
"IPU","TZA","All",2018,"Grand National Assembly of Turkey Unicameral","Grand National Assembly of Turkey Unicameral","Number.of.women.parliamentarians",NA,80,NA,NA
"IPU","TZA","All",2018,"Assembly Unicameral","Assembly Unicameral","Number.of.women.parliamentarians",NA,31,NA,NA
"IPU","TZA","All",2018,"Parliament of Tuvalu Unicameral","Parliament of Tuvalu Unicameral","Number.of.women.parliamentarians",NA,1,NA,NA
"IPU","TZA","All",2018,"Parliament Unicameral","Parliament Unicameral","Number.of.women.parliamentarians",NA,154,NA,NA
"IPU","TZA","All",2018,"Parliament Unicameral","Parliament Unicameral","Number.of.women.parliamentarians",NA,52,NA,NA
"IPU","TZA","All",2018,"Federal National Council Unicameral","Federal National Council Unicameral","Number.of.women.parliamentarians",NA,9,NA,NA
"IPU","TZA","All",2018,"House of Commons Bicameral","House of Commons Bicameral","Number.of.women.parliamentarians",NA,208,NA,NA
"IPU","TZA","All",2018,"House of Lords Bicameral","House of Lords Bicameral","Number.of.women.parliamentarians",NA,207,NA,NA
"IPU","UKR","All",2018,"National Assembly Unicameral","National Assembly Unicameral","Number.of.women.parliamentarians",NA,145,NA,NA
"IPU","USA","All",2018,"House of Representatives Bicameral","House of Representatives Bicameral","Number.of.women.parliamentarians",NA,84,NA,NA
"IPU","USA","All",2018,"Senate Bicameral","Senate Bicameral","Number.of.women.parliamentarians",NA,22,NA,NA
"IPU","USA","All",2018,"House of Representatives Bicameral","House of Representatives Bicameral","Number.of.women.parliamentarians",NA,20,NA,NA
"IPU","USA","All",2018,"Senate Bicameral","Senate Bicameral","Number.of.women.parliamentarians",NA,9,NA,NA
"IPU","UZB","All",2018,"Legislative Chamber Bicameral","Legislative Chamber Bicameral","Number.of.women.parliamentarians",NA,24,NA,NA
"IPU","UZB","All",2018,"Senate Bicameral","Senate Bicameral","Number.of.women.parliamentarians",NA,17,NA,NA
"IPU","VAT","All",2018,"Parliament Unicameral","Parliament Unicameral","Number.of.women.parliamentarians",NA,0,NA,NA
"IPU","VGB","All",2018,"National Assembly Unicameral","National Assembly Unicameral","Number.of.women.parliamentarians",NA,37,NA,NA
"IPU","VGB","All",2018,"National Assembly Unicameral","National Assembly Unicameral","Number.of.women.parliamentarians",NA,132,NA,NA
"IPU","WSM","All",2018,"House of Representatives Bicameral","House of Representatives Bicameral","Number.of.women.parliamentarians",NA,0,NA,NA
"IPU","WSM","All",2018,"Consultative Council Bicameral","Consultative Council Bicameral","Number.of.women.parliamentarians",NA,2,NA,NA
"IPU","ZMB","All",2018,"National Assembly Unicameral","National Assembly Unicameral","Number.of.women.parliamentarians",NA,30,NA,NA
"IPU","ZMB","All",2018,"National Assembly Bicameral","National Assembly Bicameral","Number.of.women.parliamentarians",NA,83,NA,NA
"IPU","ZMB","All",2018,"Senate Bicameral","Senate Bicameral","Number.of.women.parliamentarians",NA,38,NA,NA
"IPU","AFG","All",2018,"House of the People Bicameral","House of the People Bicameral","Percentage.of.women",NA,27.71,NA,NA
"IPU","AFG","All",2018,"House of Elders Bicameral","House of Elders Bicameral","Percentage.of.women",NA,26.47,NA,NA
"IPU","ALB","All",2018,"Parliament Unicameral","Parliament Unicameral","Percentage.of.women",NA,27.86,NA,NA
"IPU","ALB","All",2018,"National People's Assembly Bicameral","National People's Assembly Bicameral","Percentage.of.women",NA,25.76,NA,NA
"IPU","ALB","All",2018,"Council of the Nation Bicameral","Council of the Nation Bicameral","Percentage.of.women",NA,6.99,NA,NA
"IPU","AND","All",2018,"General Council Unicameral","General Council Unicameral","Percentage.of.women",NA,32.14,NA,NA
"IPU","AND","All",2018,"National Assembly Unicameral","National Assembly Unicameral","Percentage.of.women",NA,30.45,NA,NA
"IPU","ATA","All",2018,"House of Representatives Bicameral","House of Representatives Bicameral","Percentage.of.women",NA,11.11,NA,NA
"IPU","ATA","All",2018,"Senate Bicameral","Senate Bicameral","Percentage.of.women",NA,52.94,NA,NA
"IPU","ATA","All",2018,"Chamber of Deputies Bicameral","Chamber of Deputies Bicameral","Percentage.of.women",NA,38.91,NA,NA
"IPU","ATA","All",2018,"Senate Bicameral","Senate Bicameral","Percentage.of.women",NA,41.67,NA,NA
"IPU","ATA","All",2018,"National Assembly Unicameral","National Assembly Unicameral","Percentage.of.women",NA,18.1,NA,NA
"IPU","ATA","All",2018,"House of Representatives Bicameral","House of Representatives Bicameral","Percentage.of.women",NA,28.67,NA,NA
"IPU","ATA","All",2018,"Senate Bicameral","Senate Bicameral","Percentage.of.women",NA,40.79,NA,NA
"IPU","ATA","All",2018,"National Council Bicameral","National Council Bicameral","Percentage.of.women",NA,34.43,NA,NA
"IPU","ATA","All",2018,"Federal Council Bicameral","Federal Council Bicameral","Percentage.of.women",NA,31.15,NA,NA
"IPU","ATA","All",2018,"National Assembly Unicameral","National Assembly Unicameral","Percentage.of.women",NA,16.8,NA,NA
"IPU","ATA","All",2018,"House of Assembly Bicameral","House of Assembly Bicameral","Percentage.of.women",NA,12.82,NA,NA
"IPU","ATA","All",2018,"Senate Bicameral","Senate Bicameral","Percentage.of.women",NA,43.75,NA,NA
"IPU","ATA","All",2018,"Council of Representatives Bicameral","Council of Representatives Bicameral","Percentage.of.women",NA,7.5,NA,NA
"IPU","ATA","All",2018,"Shura Council Bicameral","Shura Council Bicameral","Percentage.of.women",NA,22.5,NA,NA
"IPU","ATA","All",2018,"Parliament Unicameral","Parliament Unicameral","Percentage.of.women",NA,20.29,NA,NA
"IPU","ATA","All",2018,"House of Assembly Bicameral","House of Assembly Bicameral","Percentage.of.women",NA,16.67,NA,NA
"IPU","ATA","All",2018,"Senate Bicameral","Senate Bicameral","Percentage.of.women",NA,23.81,NA,NA
"IPU","ATA","All",2018,"House of Representatives Bicameral","House of Representatives Bicameral","Percentage.of.women",NA,34.55,NA,NA
"IPU","ATA","All",2018,"Council of the Republic Bicameral","Council of the Republic Bicameral","Percentage.of.women",NA,30.36,NA,NA
"IPU","ATA","All",2018,"House of Representatives Bicameral","House of Representatives Bicameral","Percentage.of.women",NA,38,NA,NA
"IPU","ATA","All",2018,"Senate Bicameral","Senate Bicameral","Percentage.of.women",NA,50,NA,NA
"IPU","ATA","All",2018,"House of Representatives Bicameral","House of Representatives Bicameral","Percentage.of.women",NA,9.38,NA,NA
"IPU","ATA","All",2018,"Senate Bicameral","Senate Bicameral","Percentage.of.women",NA,15.38,NA,NA
"IPU","BEN","All",2018,"National Assembly Unicameral","National Assembly Unicameral","Percentage.of.women",NA,7.23,NA,NA
"IPU","BMU","All",2018,"National Assembly Bicameral","National Assembly Bicameral","Percentage.of.women",NA,8.51,NA,NA
"IPU","BMU","All",2018,"National Council Bicameral","National Council Bicameral","Percentage.of.women",NA,8,NA,NA
"IPU","BRB","All",2018,"Chamber of Deputies Bicameral","Chamber of Deputies Bicameral","Percentage.of.women",NA,53.08,NA,NA
"IPU","BRB","All",2018,"Chamber of Senators Bicameral","Chamber of Senators Bicameral","Percentage.of.women",NA,47.22,NA,NA
"IPU","BRB","All",2018,"House of Representatives Bicameral","House of Representatives Bicameral","Percentage.of.women",NA,21.43,NA,NA
"IPU","BRB","All",2018,"House of Peoples Bicameral","House of Peoples Bicameral","Percentage.of.women",NA,13.33,NA,NA
"IPU","BRB","All",2018,"National Assembly Unicameral","National Assembly Unicameral","Percentage.of.women",NA,9.52,NA,NA
"IPU","BRB","All",2018,"Chamber of Deputies Bicameral","Chamber of Deputies Bicameral","Percentage.of.women",NA,10.72,NA,NA
"IPU","BRB","All",2018,"Federal Senate Bicameral","Federal Senate Bicameral","Percentage.of.women",NA,14.81,NA,NA
"IPU","BWA","All",2018,"Legislative Council Unicameral","Legislative Council Unicameral","Percentage.of.women",NA,9.09,NA,NA
"IPU","BWA","All",2018,"National Assembly Unicameral","National Assembly Unicameral","Percentage.of.women",NA,23.75,NA,NA
"IPU","BWA","All",2018,"National Assembly Unicameral","National Assembly Unicameral","Percentage.of.women",NA,11.02,NA,NA
"IPU","BWA","All",2018,"National Assembly Bicameral","National Assembly Bicameral","Percentage.of.women",NA,36.36,NA,NA
"IPU","BWA","All",2018,"Senate Bicameral","Senate Bicameral","Percentage.of.women",NA,41.86,NA,NA
"IPU","BWA","All",2018,"National Assembly Unicameral","National Assembly Unicameral","Percentage.of.women",NA,23.61,NA,NA
"IPU","BWA","All",2018,"National Assembly Bicameral","National Assembly Bicameral","Percentage.of.women",NA,20.33,NA,NA
"IPU","BWA","All",2018,"Senate Bicameral","Senate Bicameral","Percentage.of.women",NA,16.67,NA,NA
"IPU","BWA","All",2018,"Senate Bicameral","Senate Bicameral","Percentage.of.women",NA,0,NA,NA
"IPU","BWA","All",2018,"National Assembly Bicameral","National Assembly Bicameral","Percentage.of.women",NA,31.11,NA,NA
"IPU","CAN","All",2018,"House of Commons Bicameral","House of Commons Bicameral","Percentage.of.women",NA,27,NA,NA
"IPU","CAN","All",2018,"Senate Bicameral","Senate Bicameral","Percentage.of.women",NA,45.74,NA,NA
"IPU","CAN","All",2018,"National Assembly Unicameral","National Assembly Unicameral","Percentage.of.women",NA,8.57,NA,NA
"IPU","CAN","All",2018,"National Assembly Unicameral","National Assembly Unicameral","Percentage.of.women",NA,14.89,NA,NA
"IPU","CAN","All",2018,"Chamber of Deputies Bicameral","Chamber of Deputies Bicameral","Percentage.of.women",NA,22.58,NA,NA
"IPU","CAN","All",2018,"Senate Bicameral","Senate Bicameral","Percentage.of.women",NA,23.26,NA,NA
"IPU","CAN","All",2018,"National People's Congress Unicameral","National People's Congress Unicameral","Percentage.of.women",NA,24.9,NA,NA
"IPU","CXR","All",2018,"House of Representatives Bicameral","House of Representatives Bicameral","Percentage.of.women",NA,15.06,NA,NA
"IPU","CXR","All",2018,"Senate Bicameral","Senate Bicameral","Percentage.of.women",NA,30.39,NA,NA
"IPU","CXR","All",2018,"Assembly of the Union Unicameral","Assembly of the Union Unicameral","Percentage.of.women",NA,6.06,NA,NA
"IPU","CXR","All",2018,"National Assembly Bicameral","National Assembly Bicameral","Percentage.of.women",NA,11.26,NA,NA
"IPU","CXR","All",2018,"Senate Bicameral","Senate Bicameral","Percentage.of.women",NA,19.72,NA,NA
"IPU","CXR","All",2018,"Legislative Assembly Unicameral","Legislative Assembly Unicameral","Percentage.of.women",NA,45.61,NA,NA
"IPU","CXR","All",2018,"National Assembly Bicameral","National Assembly Bicameral","Percentage.of.women",NA,10.59,NA,NA
"IPU","CXR","All",2018,"Senate Bicameral","Senate Bicameral","Percentage.of.women",NA,12.12,NA,NA
"IPU","CXR","All",2018,"Croatian Parliament Unicameral","Croatian Parliament Unicameral","Percentage.of.women",NA,18.54,NA,NA
"IPU","CXR","All",2018,"National Assembly of the People's Power Unicameral","National Assembly of the People's Power Unicameral","Percentage.of.women",NA,53.22,NA,NA
"IPU","CXR","All",2018,"House of Representatives Unicameral","House of Representatives Unicameral","Percentage.of.women",NA,17.86,NA,NA
"IPU","CZE","All",2018,"Chamber of Deputies Bicameral","Chamber of Deputies Bicameral","Percentage.of.women",NA,22,NA,NA
"IPU","CZE","All",2018,"Senate Bicameral","Senate Bicameral","Percentage.of.women",NA,18.75,NA,NA
"IPU","CZE","All",2018,"Supreme People's Assembly Unicameral","Supreme People's Assembly Unicameral","Percentage.of.women",NA,16.3,NA,NA
"IPU","CZE","All",2018,"National Assembly Bicameral","National Assembly Bicameral","Percentage.of.women",NA,8.94,NA,NA
"IPU","CZE","All",2018,"Senate Bicameral","Senate Bicameral","Percentage.of.women",NA,4.63,NA,NA
"IPU","CZE","All",2018,"The Danish Parliament Unicameral","The Danish Parliament Unicameral","Percentage.of.women",NA,37.43,NA,NA
"IPU","DJI","All",2018,"National Assembly Unicameral","National Assembly Unicameral","Percentage.of.women",NA,23.08,NA,NA
"IPU","DNK","All",2018,"House of Assembly Unicameral","House of Assembly Unicameral","Percentage.of.women",NA,25,NA,NA
"IPU","DOM","All",2018,"Chamber of Deputies Bicameral","Chamber of Deputies Bicameral","Percentage.of.women",NA,26.84,NA,NA
"IPU","DOM","All",2018,"Senate Bicameral","Senate Bicameral","Percentage.of.women",NA,9.38,NA,NA
"IPU","DZA","All",2018,"National Assembly Unicameral","National Assembly Unicameral","Percentage.of.women",NA,37.96,NA,NA
"IPU","EGY","All",2018,"House of Representatives Unicameral","House of Representatives Unicameral","Percentage.of.women",NA,14.93,NA,NA
"IPU","EGY","All",2018,"Legislative Assembly Unicameral","Legislative Assembly Unicameral","Percentage.of.women",NA,0,NA,NA
"IPU","EGY","All",2018,"Chamber of Deputies Bicameral","Chamber of Deputies Bicameral","Percentage.of.women",NA,20,NA,NA
"IPU","EGY","All",2018,"Senate Bicameral","Senate Bicameral","Percentage.of.women",NA,15.28,NA,NA
"IPU","ERI","All",2018,"National Assembly Unicameral","National Assembly Unicameral","Percentage.of.women",NA,22,NA,NA
"IPU","ERI","All",2018,"The Estonian Parliament Unicameral","The Estonian Parliament Unicameral","Percentage.of.women",NA,26.73,NA,NA
"IPU","ETH","All",2018,"House of Peoples' Representatives Bicameral","House of Peoples' Representatives Bicameral","Percentage.of.women",NA,38.76,NA,NA
"IPU","ETH","All",2018,"House of the Federation Bicameral","House of the Federation Bicameral","Percentage.of.women",NA,32.03,NA,NA
"IPU","FLK","All",2018,"Parliament Unicameral","Parliament Unicameral","Percentage.of.women",NA,16,NA,NA
"IPU","FIN","All",2018,"Parliament Unicameral","Parliament Unicameral","Percentage.of.women",NA,42,NA,NA
"IPU","FRA","All",2018,"National Assembly Bicameral","National Assembly Bicameral","Percentage.of.women",NA,38.99,NA,NA
"IPU","FRA","All",2018,"Senate Bicameral","Senate Bicameral","Percentage.of.women",NA,29.31,NA,NA
"IPU","FSM","All",2018,"National Assembly Bicameral","National Assembly Bicameral","Percentage.of.women",NA,17.09,NA,NA
"IPU","FSM","All",2018,"Senate Bicameral","Senate Bicameral","Percentage.of.women",NA,17.65,NA,NA
"IPU","FSM","All",2018,"National Assembly Unicameral","National Assembly Unicameral","Percentage.of.women",NA,10.34,NA,NA
"IPU","FSM","All",2018,"Parliament Unicameral","Parliament Unicameral","Percentage.of.women",NA,16,NA,NA
"IPU","FSM","All",2018,"German Bundestag Bicameral","German Bundestag Bicameral","Percentage.of.women",NA,30.75,NA,NA
"IPU","FSM","All",2018,"Federal Council Bicameral","Federal Council Bicameral","Percentage.of.women",NA,39.13,NA,NA
"IPU","FSM","All",2018,"Parliament Unicameral","Parliament Unicameral","Percentage.of.women",NA,12.73,NA,NA
"IPU","FSM","All",2018,"Hellenic Parliament Unicameral","Hellenic Parliament Unicameral","Percentage.of.women",NA,18.33,NA,NA
"IPU","FSM","All",2018,"House of Representatives Bicameral","House of Representatives Bicameral","Percentage.of.women",NA,46.67,NA,NA
"IPU","FSM","All",2018,"Senate Bicameral","Senate Bicameral","Percentage.of.women",NA,15.38,NA,NA
"IPU","FSM","All",2018,"Congress of the Republic Unicameral","Congress of the Republic Unicameral","Percentage.of.women",NA,13.92,NA,NA
"IPU","FSM","All",2018,"National Assembly Unicameral","National Assembly Unicameral","Percentage.of.women",NA,21.93,NA,NA
"IPU","FSM","All",2018,"People's National Assembly Unicameral","People's National Assembly Unicameral","Percentage.of.women",NA,13.73,NA,NA
"IPU","FSM","All",2018,"Parliament of the Co-operative Republic of Guyana Unicameral","Parliament of the Co-operative Republic of Guyana Unicameral","Percentage.of.women",NA,31.88,NA,NA
"IPU","FSM","All",2018,"Chamber of Deputies Bicameral","Chamber of Deputies Bicameral","Percentage.of.women",NA,2.54,NA,NA
"IPU","FSM","All",2018,"Senate Bicameral","Senate Bicameral","Percentage.of.women",NA,3.57,NA,NA
"IPU","FSM","All",2018,"National Congress Unicameral","National Congress Unicameral","Percentage.of.women",NA,21.09,NA,NA
"IPU","FSM","All",2018,"National Assembly Unicameral","National Assembly Unicameral","Percentage.of.women",NA,10.1,NA,NA
"IPU","FSM","All",2018,"Parliament Unicameral","Parliament Unicameral","Percentage.of.women",NA,38.1,NA,NA
"IPU","FSM","All",2018,"House of the People Bicameral","House of the People Bicameral","Percentage.of.women",NA,11.81,NA,NA
"IPU","FSM","All",2018,"Council of States Bicameral","Council of States Bicameral","Percentage.of.women",NA,0,NA,NA
"IPU","FSM","All",2018,"House of Representatives Unicameral","House of Representatives Unicameral","Percentage.of.women",NA,19.82,NA,NA
"IPU","FSM","All",2018,"Islamic Parliament of Iran Unicameral","Islamic Parliament of Iran Unicameral","Percentage.of.women",NA,5.88,NA,NA
"IPU","FSM","All",2018,"Council of Representatives of Iraq Unicameral","Council of Representatives of Iraq Unicameral","Percentage.of.women",NA,25.3,NA,NA
"IPU","FSM","All",2018,"House of Representatives Bicameral","House of Representatives Bicameral","Percentage.of.women",NA,22.15,NA,NA
"IPU","FSM","All",2018,"Senate Bicameral","Senate Bicameral","Percentage.of.women",NA,30,NA,NA
"IPU","FSM","All",2018,"Parliament Unicameral","Parliament Unicameral","Percentage.of.women",NA,27.5,NA,NA
"IPU","FSM","All",2018,"Chamber of Deputies Bicameral","Chamber of Deputies Bicameral","Percentage.of.women",NA,35.71,NA,NA
"IPU","FSM","All",2018,"Senate Bicameral","Senate Bicameral","Percentage.of.women",NA,35.31,NA,NA
"IPU","FSM","All",2018,"House of Representatives Bicameral","House of Representatives Bicameral","Percentage.of.women",NA,17.46,NA,NA
"IPU","FSM","All",2018,"Senate Bicameral","Senate Bicameral","Percentage.of.women",NA,23.81,NA,NA
"IPU","FSM","All",2018,"House of Representatives Bicameral","House of Representatives Bicameral","Percentage.of.women",NA,10.11,NA,NA
"IPU","FSM","All",2018,"House of Councillors Bicameral","House of Councillors Bicameral","Percentage.of.women",NA,20.66,NA,NA
"IPU","FSM","All",2018,"House of Representatives Bicameral","House of Representatives Bicameral","Percentage.of.women",NA,15.38,NA,NA
"IPU","FSM","All",2018,"Senate Bicameral","Senate Bicameral","Percentage.of.women",NA,15.38,NA,NA
"IPU","FSM","All",2018,"House of Representatives Bicameral","House of Representatives Bicameral","Percentage.of.women",NA,27.1,NA,NA
"IPU","FSM","All",2018,"Senate Bicameral","Senate Bicameral","Percentage.of.women",NA,10.64,NA,NA
"IPU","FSM","All",2018,"National Assembly Bicameral","National Assembly Bicameral","Percentage.of.women",NA,21.78,NA,NA
"IPU","FSM","All",2018,"Senate Bicameral","Senate Bicameral","Percentage.of.women",NA,30.88,NA,NA
"IPU","FSM","All",2018,"House of Assembly Unicameral","House of Assembly Unicameral","Percentage.of.women",NA,6.52,NA,NA
"IPU","KOR","All",2018,"National Assembly Unicameral","National Assembly Unicameral","Percentage.of.women",NA,3.08,NA,NA
"IPU","KOR","All",2018,"Supreme Council Unicameral","Supreme Council Unicameral","Percentage.of.women",NA,19.17,NA,NA
"IPU","LAO","All",2018,"National Assembly Unicameral","National Assembly Unicameral","Percentage.of.women",NA,27.52,NA,NA
"IPU","LAO","All",2018,"Parliament Unicameral","Parliament Unicameral","Percentage.of.women",NA,16,NA,NA
"IPU","LBN","All",2018,"National Assembly Unicameral","National Assembly Unicameral","Percentage.of.women",NA,3.12,NA,NA
"IPU","LBN","All",2018,"National Assembly Bicameral","National Assembly Bicameral","Percentage.of.women",NA,22.13,NA,NA
"IPU","LBN","All",2018,"Senate Bicameral","Senate Bicameral","Percentage.of.women",NA,25,NA,NA
"IPU","LBR","All",2018,"House of Representatives Bicameral","House of Representatives Bicameral","Percentage.of.women",NA,9.86,NA,NA
"IPU","LBR","All",2018,"The Liberian Senate Bicameral","The Liberian Senate Bicameral","Percentage.of.women",NA,10,NA,NA
"IPU","LBY","All",2018,"House of Representatives Unicameral","House of Representatives Unicameral","Percentage.of.women",NA,15.96,NA,NA
"IPU","LBY","All",2018,"Diet Unicameral","Diet Unicameral","Percentage.of.women",NA,12,NA,NA
"IPU","LTU","All",2018,"Parliament Unicameral","Parliament Unicameral","Percentage.of.women",NA,21.28,NA,NA
"IPU","MAC","All",2018,"Chamber of Deputies Unicameral","Chamber of Deputies Unicameral","Percentage.of.women",NA,28.33,NA,NA
"IPU","MAC","All",2018,"National Assembly Bicameral","National Assembly Bicameral","Percentage.of.women",NA,19.21,NA,NA
"IPU","MAC","All",2018,"Senate Bicameral","Senate Bicameral","Percentage.of.women",NA,20.63,NA,NA
"IPU","MAC","All",2018,"National Assembly Unicameral","National Assembly Unicameral","Percentage.of.women",NA,16.67,NA,NA
"IPU","MAC","All",2018,"House of Representatives Bicameral","House of Representatives Bicameral","Percentage.of.women",NA,10.36,NA,NA
"IPU","MAC","All",2018,"Senate Bicameral","Senate Bicameral","Percentage.of.women",NA,22.06,NA,NA
"IPU","MAC","All",2018,"People's Majlis Unicameral","People's Majlis Unicameral","Percentage.of.women",NA,5.88,NA,NA
"IPU","MAC","All",2018,"National Assembly Unicameral","National Assembly Unicameral","Percentage.of.women",NA,8.84,NA,NA
"IPU","MAC","All",2018,"House of Representatives Unicameral","House of Representatives Unicameral","Percentage.of.women",NA,14.71,NA,NA
"IPU","MAC","All",2018,"Parliament Unicameral","Parliament Unicameral","Percentage.of.women",NA,9.09,NA,NA
"IPU","MAC","All",2018,"National Assembly Unicameral","National Assembly Unicameral","Percentage.of.women",NA,25.17,NA,NA
"IPU","MAC","All",2018,"National Assembly Unicameral","National Assembly Unicameral","Percentage.of.women",NA,11.59,NA,NA
"IPU","MAC","All",2018,"Chamber of Deputies Bicameral","Chamber of Deputies Bicameral","Percentage.of.women",NA,42.6,NA,NA
"IPU","MAC","All",2018,"Senate Bicameral","Senate Bicameral","Percentage.of.women",NA,36.72,NA,NA
"IPU","MAC","All",2018,"Congress Unicameral","Congress Unicameral","Percentage.of.women",NA,0,NA,NA
"IPU","MAC","All",2018,"National Council Unicameral","National Council Unicameral","Percentage.of.women",NA,33.33,NA,NA
"IPU","MAC","All",2018,"State Great Hural Unicameral","State Great Hural Unicameral","Percentage.of.women",NA,17.11,NA,NA
"IPU","MAC","All",2018,"Parliament Unicameral","Parliament Unicameral","Percentage.of.women",NA,23.46,NA,NA
"IPU","MYT","All",2018,"House of Representatives Bicameral","House of Representatives Bicameral","Percentage.of.women",NA,20.51,NA,NA
"IPU","MYT","All",2018,"House of Councillors Bicameral","House of Councillors Bicameral","Percentage.of.women",NA,11.67,NA,NA
"IPU","MYT","All",2018,"Assembly of the Republic Unicameral","Assembly of the Republic Unicameral","Percentage.of.women",NA,39.6,NA,NA
"IPU","MYT","All",2018,"House of Representatives Bicameral","House of Representatives Bicameral","Percentage.of.women",NA,10.16,NA,NA
"IPU","MYT","All",2018,"House of Nationalities Bicameral","House of Nationalities Bicameral","Percentage.of.women",NA,10.27,NA,NA
"IPU","NAM","All",2018,"National Assembly Bicameral","National Assembly Bicameral","Percentage.of.women",NA,46.15,NA,NA
"IPU","NAM","All",2018,"National Council Bicameral","National Council Bicameral","Percentage.of.women",NA,24.39,NA,NA
"IPU","NAM","All",2018,"Parliament Unicameral","Parliament Unicameral","Percentage.of.women",NA,10.53,NA,NA
"IPU","NAM","All",2018,"House of Representatives Bicameral","House of Representatives Bicameral","Percentage.of.women",NA,32.73,NA,NA
"IPU","NAM","All",2018,"National Assembly Bicameral","National Assembly Bicameral","Percentage.of.women",NA,37.29,NA,NA
"IPU","NAM","All",2018,"House of Representatives Bicameral","House of Representatives Bicameral","Percentage.of.women",NA,36,NA,NA
"IPU","NAM","All",2018,"Senate Bicameral","Senate Bicameral","Percentage.of.women",NA,34.67,NA,NA
"IPU","NCL","All",2018,"House of Representatives Unicameral","House of Representatives Unicameral","Percentage.of.women",NA,38.33,NA,NA
"IPU","NCL","All",2018,"National Assembly Unicameral","National Assembly Unicameral","Percentage.of.women",NA,45.65,NA,NA
"IPU","NER","All",2018,"National Assembly Unicameral","National Assembly Unicameral","Percentage.of.women",NA,16.96,NA,NA
"IPU","NGA","All",2018,"House of Representatives Bicameral","House of Representatives Bicameral","Percentage.of.women",NA,5.56,NA,NA
"IPU","NGA","All",2018,"Senate Bicameral","Senate Bicameral","Percentage.of.women",NA,6.48,NA,NA
"IPU","NZL","All",2018,"Parliament Unicameral","Parliament Unicameral","Percentage.of.women",NA,41.42,NA,NA
"IPU","OMN","All",2018,"Consultative Council Bicameral","Consultative Council Bicameral","Percentage.of.women",NA,1.18,NA,NA
"IPU","OMN","All",2018,"State Council Bicameral","State Council Bicameral","Percentage.of.women",NA,16.47,NA,NA
"IPU","PAK","All",2018,"National Assembly Bicameral","National Assembly Bicameral","Percentage.of.women",NA,20.59,NA,NA
"IPU","PAK","All",2018,"Senate Bicameral","Senate Bicameral","Percentage.of.women",NA,19.23,NA,NA
"IPU","PAK","All",2018,"House of Delegates Bicameral","House of Delegates Bicameral","Percentage.of.women",NA,12.5,NA,NA
"IPU","PAK","All",2018,"Senate Bicameral","Senate Bicameral","Percentage.of.women",NA,15.38,NA,NA
"IPU","PAN","All",2018,"National Assembly Unicameral","National Assembly Unicameral","Percentage.of.women",NA,18.31,NA,NA
"IPU","PAN","All",2018,"National Parliament Unicameral","National Parliament Unicameral","Percentage.of.women",NA,0,NA,NA
"IPU","PAN","All",2018,"Chamber of Deputies Bicameral","Chamber of Deputies Bicameral","Percentage.of.women",NA,13.75,NA,NA
"IPU","PAN","All",2018,"Senate Bicameral","Senate Bicameral","Percentage.of.women",NA,20,NA,NA
"IPU","PER","All",2018,"Congress of the Republic Unicameral","Congress of the Republic Unicameral","Percentage.of.women",NA,27.69,NA,NA
"IPU","PNG","All",2018,"House of Representatives Bicameral","House of Representatives Bicameral","Percentage.of.women",NA,29.45,NA,NA
"IPU","PNG","All",2018,"Senate Bicameral","Senate Bicameral","Percentage.of.women",NA,25,NA,NA
"IPU","POL","All",2018,"Sejm Bicameral","Sejm Bicameral","Percentage.of.women",NA,28.04,NA,NA
"IPU","POL","All",2018,"Senate Bicameral","Senate Bicameral","Percentage.of.women",NA,14,NA,NA
"IPU","RCA","All",2018,"Assembly of the Republic Unicameral","Assembly of the Republic Unicameral","Percentage.of.women",NA,34.78,NA,NA
"IPU","RCA","All",2018,"Advisory Council Unicameral","Advisory Council Unicameral","Percentage.of.women",NA,9.76,NA,NA
"IPU","RCA","All",2018,"National Assembly Unicameral","National Assembly Unicameral","Percentage.of.women",NA,17,NA,NA
"IPU","RCA","All",2018,"Parliament Unicameral","Parliament Unicameral","Percentage.of.women",NA,22.77,NA,NA
"IPU","ROU","All",2018,"Chamber of Deputies Bicameral","Chamber of Deputies Bicameral","Percentage.of.women",NA,20.67,NA,NA
"IPU","ROU","All",2018,"Senate Bicameral","Senate Bicameral","Percentage.of.women",NA,13.97,NA,NA
"IPU","RUS","All",2018,"State Duma Bicameral","State Duma Bicameral","Percentage.of.women",NA,15.78,NA,NA
"IPU","RUS","All",2018,"Council of the Federation Bicameral","Council of the Federation Bicameral","Percentage.of.women",NA,17.06,NA,NA
"IPU","RWA","All",2018,"Chamber of Deputies Bicameral","Chamber of Deputies Bicameral","Percentage.of.women",NA,61.25,NA,NA
"IPU","RWA","All",2018,"Senate Bicameral","Senate Bicameral","Percentage.of.women",NA,38.46,NA,NA
"IPU","SDN","All",2018,"National Assembly Unicameral","National Assembly Unicameral","Percentage.of.women",NA,13.33,NA,NA
"IPU","SDN","All",2018,"House of Assembly Bicameral","House of Assembly Bicameral","Percentage.of.women",NA,16.67,NA,NA
"IPU","SDN","All",2018,"Senate Bicameral","Senate Bicameral","Percentage.of.women",NA,27.27,NA,NA
"IPU","SDN","All",2018,"House of Assembly Unicameral","House of Assembly Unicameral","Percentage.of.women",NA,13.04,NA,NA
"IPU","SDN","All",2018,"Legislative Assembly Unicameral","Legislative Assembly Unicameral","Percentage.of.women",NA,10,NA,NA
"IPU","SDN","All",2018,"Great and General Council Unicameral","Great and General Council Unicameral","Percentage.of.women",NA,26.67,NA,NA
"IPU","SDN","All",2018,"National Assembly Unicameral","National Assembly Unicameral","Percentage.of.women",NA,18.18,NA,NA
"IPU","SDN","All",2018,"Shura Council Unicameral","Shura Council Unicameral","Percentage.of.women",NA,19.87,NA,NA
"IPU","SDN","All",2018,"National Assembly Unicameral","National Assembly Unicameral","Percentage.of.women",NA,41.82,NA,NA
"IPU","SDN","All",2018,"National Assembly Unicameral","National Assembly Unicameral","Percentage.of.women",NA,34,NA,NA
"IPU","SDN","All",2018,"National Assembly Unicameral","National Assembly Unicameral","Percentage.of.women",NA,21.21,NA,NA
"IPU","SDN","All",2018,"Parliament Unicameral","Parliament Unicameral","Percentage.of.women",NA,0,NA,NA
"IPU","SGP","All",2018,"Parliament Unicameral","Parliament Unicameral","Percentage.of.women",NA,23,NA,NA
"IPU","SMR","All",2018,"National Council Unicameral","National Council Unicameral","Percentage.of.women",NA,20,NA,NA
"IPU","SMR","All",2018,"National Assembly Bicameral","National Assembly Bicameral","Percentage.of.women",NA,36.67,NA,NA
"IPU","SMR","All",2018,"National Council Bicameral","National Council Bicameral","Percentage.of.women",NA,10,NA,NA
"IPU","SMR","All",2018,"National Parliament Unicameral","National Parliament Unicameral","Percentage.of.women",NA,2,NA,NA
"IPU","SOM","All",2018,"House of the People Bicameral","House of the People Bicameral","Percentage.of.women",NA,24.36,NA,NA
"IPU","SOM","All",2018,"Upper House Bicameral","Upper House Bicameral","Percentage.of.women",NA,24.07,NA,NA
"IPU","SOM","All",2018,"National Assembly Bicameral","National Assembly Bicameral","Percentage.of.women",NA,42.39,NA,NA
"IPU","SOM","All",2018,"National Council of Provinces Bicameral","National Council of Provinces Bicameral","Percentage.of.women",NA,35.19,NA,NA
"IPU","SOM","All",2018,"Transitional National Legislative Assembly Bicameral","Transitional National Legislative Assembly Bicameral","Percentage.of.women",NA,28.46,NA,NA
"IPU","SOM","All",2018,"Council of States Bicameral","Council of States Bicameral","Percentage.of.women",NA,12,NA,NA
"IPU","SOM","All",2018,"Congress of Deputies Bicameral","Congress of Deputies Bicameral","Percentage.of.women",NA,39.14,NA,NA
"IPU","SOM","All",2018,"Senate Bicameral","Senate Bicameral","Percentage.of.women",NA,37.97,NA,NA
"IPU","SOM","All",2018,"Parliament Unicameral","Parliament Unicameral","Percentage.of.women",NA,5.78,NA,NA
"IPU","SOM","All",2018,"National Assembly Bicameral","National Assembly Bicameral","Percentage.of.women",NA,30.52,NA,NA
"IPU","SOM","All",2018,"Council of States Bicameral","Council of States Bicameral","Percentage.of.women",NA,35.19,NA,NA
"IPU","SUR","All",2018,"National Assembly Unicameral","National Assembly Unicameral","Percentage.of.women",NA,25.49,NA,NA
"IPU","SWZ","All",2018,"House of Assembly Bicameral","House of Assembly Bicameral","Percentage.of.women",NA,6.15,NA,NA
"IPU","SWZ","All",2018,"Senate Bicameral","Senate Bicameral","Percentage.of.women",NA,33.33,NA,NA
"IPU","SYC","All",2018,"Parliament Unicameral","Parliament Unicameral","Percentage.of.women",NA,43.55,NA,NA
"IPU","SYC","All",2018,"National Council Bicameral","National Council Bicameral","Percentage.of.women",NA,32.5,NA,NA
"IPU","SYC","All",2018,"Council of States Bicameral","Council of States Bicameral","Percentage.of.women",NA,15.22,NA,NA
"IPU","SYR","All",2018,"People's Assembly Unicameral","People's Assembly Unicameral","Percentage.of.women",NA,13.2,NA,NA
"IPU","SYR","All",2018,"House of Representatives Bicameral","House of Representatives Bicameral","Percentage.of.women",NA,19.05,NA,NA
"IPU","SYR","All",2018,"National Assembly Bicameral","National Assembly Bicameral","Percentage.of.women",NA,21.88,NA,NA
"IPU","SYR","All",2018,"National Legislative Assembly Unicameral","National Legislative Assembly Unicameral","Percentage.of.women",NA,4.8,NA,NA
"IPU","SYR","All",2018,"Assembly of the Republic Unicameral","Assembly of the Republic Unicameral","Percentage.of.women",NA,37.5,NA,NA
"IPU","SYR","All",2018,"National Parliament Unicameral","National Parliament Unicameral","Percentage.of.women",NA,32.31,NA,NA
"IPU","SYR","All",2018,"National Assembly Unicameral","National Assembly Unicameral","Percentage.of.women",NA,17.58,NA,NA
"IPU","SYR","All",2018,"Legislative Assembly Unicameral","Legislative Assembly Unicameral","Percentage.of.women",NA,7.41,NA,NA
"IPU","SYR","All",2018,"House of Representatives Bicameral","House of Representatives Bicameral","Percentage.of.women",NA,30.95,NA,NA
"IPU","SYR","All",2018,"Senate Bicameral","Senate Bicameral","Percentage.of.women",NA,29.03,NA,NA
"IPU","TUN","All",2018,"Assembly of People's Representatives Unicameral","Assembly of People's Representatives Unicameral","Percentage.of.women",NA,31.34,NA,NA
"IPU","TZA","All",2018,"Grand National Assembly of Turkey Unicameral","Grand National Assembly of Turkey Unicameral","Percentage.of.women",NA,14.57,NA,NA
"IPU","TZA","All",2018,"Assembly Unicameral","Assembly Unicameral","Percentage.of.women",NA,24.8,NA,NA
"IPU","TZA","All",2018,"Parliament of Tuvalu Unicameral","Parliament of Tuvalu Unicameral","Percentage.of.women",NA,6.67,NA,NA
"IPU","TZA","All",2018,"Parliament Unicameral","Parliament Unicameral","Percentage.of.women",NA,34.3,NA,NA
"IPU","TZA","All",2018,"Parliament Unicameral","Parliament Unicameral","Percentage.of.women",NA,12.29,NA,NA
"IPU","TZA","All",2018,"Federal National Council Unicameral","Federal National Council Unicameral","Percentage.of.women",NA,22.5,NA,NA
"IPU","TZA","All",2018,"House of Commons Bicameral","House of Commons Bicameral","Percentage.of.women",NA,32,NA,NA
"IPU","TZA","All",2018,"House of Lords Bicameral","House of Lords Bicameral","Percentage.of.women",NA,25.71,NA,NA
"IPU","UKR","All",2018,"National Assembly Unicameral","National Assembly Unicameral","Percentage.of.women",NA,37.18,NA,NA
"IPU","USA","All",2018,"House of Representatives Bicameral","House of Representatives Bicameral","Percentage.of.women",NA,19.49,NA,NA
"IPU","USA","All",2018,"Senate Bicameral","Senate Bicameral","Percentage.of.women",NA,22,NA,NA
"IPU","USA","All",2018,"House of Representatives Bicameral","House of Representatives Bicameral","Percentage.of.women",NA,20.2,NA,NA
"IPU","USA","All",2018,"Senate Bicameral","Senate Bicameral","Percentage.of.women",NA,29.03,NA,NA
"IPU","UZB","All",2018,"Legislative Chamber Bicameral","Legislative Chamber Bicameral","Percentage.of.women",NA,16,NA,NA
"IPU","UZB","All",2018,"Senate Bicameral","Senate Bicameral","Percentage.of.women",NA,17,NA,NA
"IPU","VAT","All",2018,"Parliament Unicameral","Parliament Unicameral","Percentage.of.women",NA,0,NA,NA
"IPU","VGB","All",2018,"National Assembly Unicameral","National Assembly Unicameral","Percentage.of.women",NA,22.16,NA,NA
"IPU","VGB","All",2018,"National Assembly Unicameral","National Assembly Unicameral","Percentage.of.women",NA,26.72,NA,NA
"IPU","WSM","All",2018,"House of Representatives Bicameral","House of Representatives Bicameral","Percentage.of.women",NA,0,NA,NA
"IPU","WSM","All",2018,"Consultative Council Bicameral","Consultative Council Bicameral","Percentage.of.women",NA,1.8,NA,NA
"IPU","ZMB","All",2018,"National Assembly Unicameral","National Assembly Unicameral","Percentage.of.women",NA,17.96,NA,NA
"IPU","ZMB","All",2018,"National Assembly Bicameral","National Assembly Bicameral","Percentage.of.women",NA,33.2,NA,NA
"IPU","ZMB","All",2018,"Senate Bicameral","Senate Bicameral","Percentage.of.women",NA,48.1,NA,NA
