"","Indicator","Dataset","Indicator_Name","answer","Display_Name","Indicator_Id","Value_Type_Slug","Value_Type_Descriptor","Units","Rank_1","Category_11","Category_12","Category_13","Category_14","Category_15","Rank_2","Category_21","Category_22","Category_23","Category_24","Category_25","Rank_3","Category_31","Category_32","Category_33","Category_34","Indicator.Code","Indicator.ID","overlap","Indicator_Code","Description"
"1","advisory council unicameral-IPU-Number.of.seats","IPU","Advisory Council Unicameral","Number.of.seats","Advisory Council Unicameral","60-IPU-Number.of.seats","Number of seats","Number of seats","Value",5.143,"Checks and Balances","Legislative System","Other","Advisory Council Unicameral","",NA,"","","","","",NA,"","","","","IPU1.1","31833","","",""
"2","advisory council unicameral-IPU-Number.of.women.parliamentarians","IPU","Advisory Council Unicameral","Number.of.women.parliamentarians","Advisory Council Unicameral","137-IPU-Number.of.women.parliamentarians","Number of women parliamentarians","Number of women parliamentarians","Value",5.143,"Checks and Balances","Legislative System","Other","Advisory Council Unicameral","",NA,"","","","","",NA,"","","","","IPU1.2","31834","","",""
"3","advisory council unicameral-IPU-Percentage.of.women","IPU","Advisory Council Unicameral","Percentage.of.women","Advisory Council Unicameral","214-IPU-Percentage.of.women","Percentage of women","Percentage of women","%",5.143,"Checks and Balances","Legislative System","Other","Advisory Council Unicameral","",NA,"","","","","",NA,"","","","","IPU1.3","IPU1","","",""
"4","assembly of peoples representatives unicameral-IPU-Number.of.seats","IPU","Assembly of People's Representatives Unicameral","Number.of.seats","Assembly of People's Representatives Unicameral","71-IPU-Number.of.seats","Number of seats","Number of seats","Value",4.244,"Checks and Balances","Legislative System","Other","Assembly of Peoples Representatives Unicameral","",NA,"","","","","",NA,"","","","","IPU3.1","31899","","",""
"5","assembly of peoples representatives unicameral-IPU-Number.of.women.parliamentarians","IPU","Assembly of People's Representatives Unicameral","Number.of.women.parliamentarians","Assembly of People's Representatives Unicameral","148-IPU-Number.of.women.parliamentarians","Number of women parliamentarians","Number of women parliamentarians","Value",4.244,"Checks and Balances","Legislative System","Other","Assembly of Peoples Representatives Unicameral","",NA,"","","","","",NA,"","","","","IPU3.2","31900","","",""
"6","assembly of peoples representatives unicameral-IPU-Percentage.of.women","IPU","Assembly of People's Representatives Unicameral","Percentage.of.women","Assembly of People's Representatives Unicameral","225-IPU-Percentage.of.women","Percentage of women","Percentage of women","%",4.244,"Checks and Balances","Legislative System","Other","Assembly of Peoples Representatives Unicameral","",NA,"","","","","",NA,"","","","","IPU3.3","IPU3","","",""
"7","assembly of the republic unicameral-IPU-Number.of.seats","IPU","Assembly of the Republic Unicameral","Number.of.seats","Assembly of the Republic Unicameral","53-IPU-Number.of.seats","Number of seats","Number of seats","Value",4.965,"Checks and Balances","Legislative System","Other","Assembly of the Republic Unicameral","",NA,"","","","","",NA,"","","","","IPU4.1","31932","","",""
"8","assembly of the republic unicameral-IPU-Number.of.women.parliamentarians","IPU","Assembly of the Republic Unicameral","Number.of.women.parliamentarians","Assembly of the Republic Unicameral","130-IPU-Number.of.women.parliamentarians","Number of women parliamentarians","Number of women parliamentarians","Value",4.965,"Checks and Balances","Legislative System","Other","Assembly of the Republic Unicameral","",NA,"","","","","",NA,"","","","","IPU4.2","31933","","",""
"9","assembly of the republic unicameral-IPU-Percentage.of.women","IPU","Assembly of the Republic Unicameral","Percentage.of.women","Assembly of the Republic Unicameral","207-IPU-Percentage.of.women","Percentage of women","Percentage of women","%",4.965,"Checks and Balances","Legislative System","Other","Assembly of the Republic Unicameral","",NA,"","","","","",NA,"","","","","IPU4.3","IPU4","","",""
"10","assembly of the union unicameral-IPU-Number.of.seats","IPU","Assembly of the Union Unicameral","Number.of.seats","Assembly of the Union Unicameral","24-IPU-Number.of.seats","Number of seats","Number of seats","Value",5.151,"Checks and Balances","Legislative System","Other","Assembly of the Union Unicameral","",NA,"","","","","",NA,"","","","","IPU5.1","31965","","",""
"11","assembly of the union unicameral-IPU-Number.of.women.parliamentarians","IPU","Assembly of the Union Unicameral","Number.of.women.parliamentarians","Assembly of the Union Unicameral","101-IPU-Number.of.women.parliamentarians","Number of women parliamentarians","Number of women parliamentarians","Value",5.151,"Checks and Balances","Legislative System","Other","Assembly of the Union Unicameral","",NA,"","","","","",NA,"","","","","IPU5.2","31966","","",""
"12","assembly of the union unicameral-IPU-Percentage.of.women","IPU","Assembly of the Union Unicameral","Percentage.of.women","Assembly of the Union Unicameral","178-IPU-Percentage.of.women","Percentage of women","Percentage of women","%",5.151,"Checks and Balances","Legislative System","Other","Assembly of the Union Unicameral","",NA,"","","","","",NA,"","","","","IPU5.3","IPU5","","",""
"13","assembly unicameral-IPU-Number.of.seats","IPU","Assembly Unicameral","Number.of.seats","Assembly Unicameral","73-IPU-Number.of.seats","Number of seats","Number of seats","Value",4.097,"Checks and Balances","Legislative System","Other","Assembly Unicameral","",NA,"","","","","",NA,"","","","","IPU2.1","31866","","",""
"14","assembly unicameral-IPU-Number.of.women.parliamentarians","IPU","Assembly Unicameral","Number.of.women.parliamentarians","Assembly Unicameral","150-IPU-Number.of.women.parliamentarians","Number of women parliamentarians","Number of women parliamentarians","Value",4.097,"Checks and Balances","Legislative System","Other","Assembly Unicameral","",NA,"","","","","",NA,"","","","","IPU2.2","31867","","",""
"15","assembly unicameral-IPU-Percentage.of.women","IPU","Assembly Unicameral","Percentage.of.women","Assembly Unicameral","227-IPU-Percentage.of.women","Percentage of women","Percentage of women","%",4.097,"Checks and Balances","Legislative System","Other","Assembly Unicameral","",NA,"","","","","",NA,"","","","","IPU2.3","IPU2","","",""
"16","chamber of deputies bicameral-IPU-Number.of.seats","IPU","Chamber of Deputies Bicameral","Number.of.seats","Chamber of Deputies Bicameral","10-IPU-Number.of.seats","Number of seats","Number of seats","Value",4.094,"Checks and Balances","Legislative System","Other","Chamber of Deputies Bicameral","",NA,"","","","","",NA,"","","","","IPU6.1","31998","","",""
"17","chamber of deputies bicameral-IPU-Number.of.women.parliamentarians","IPU","Chamber of Deputies Bicameral","Number.of.women.parliamentarians","Chamber of Deputies Bicameral","87-IPU-Number.of.women.parliamentarians","Number of women parliamentarians","Number of women parliamentarians","Value",4.094,"Checks and Balances","Legislative System","Other","Chamber of Deputies Bicameral","",NA,"","","","","",NA,"","","","","IPU6.2","31999","","",""
"18","chamber of deputies bicameral-IPU-Percentage.of.women","IPU","Chamber of Deputies Bicameral","Percentage.of.women","Chamber of Deputies Bicameral","164-IPU-Percentage.of.women","Percentage of women","Percentage of women","%",4.094,"Checks and Balances","Legislative System","Other","Chamber of Deputies Bicameral","",NA,"","","","","",NA,"","","","","IPU6.3","IPU6","","",""
"19","chamber of deputies unicameral-IPU-Number.of.seats","IPU","Chamber of Deputies Unicameral","Number.of.seats","Chamber of Deputies Unicameral","48-IPU-Number.of.seats","Number of seats","Number of seats","Value",5.294,"Checks and Balances","Legislative System","Other","Chamber of Deputies Unicameral","",NA,"","","","","",NA,"","","","","IPU7.1","32031","","",""
"20","chamber of deputies unicameral-IPU-Number.of.women.parliamentarians","IPU","Chamber of Deputies Unicameral","Number.of.women.parliamentarians","Chamber of Deputies Unicameral","125-IPU-Number.of.women.parliamentarians","Number of women parliamentarians","Number of women parliamentarians","Value",5.294,"Checks and Balances","Legislative System","Other","Chamber of Deputies Unicameral","",NA,"","","","","",NA,"","","","","IPU7.2","32032","","",""
"21","chamber of deputies unicameral-IPU-Percentage.of.women","IPU","Chamber of Deputies Unicameral","Percentage.of.women","Chamber of Deputies Unicameral","202-IPU-Percentage.of.women","Percentage of women","Percentage of women","%",5.294,"Checks and Balances","Legislative System","Other","Chamber of Deputies Unicameral","",NA,"","","","","",NA,"","","","","IPU7.3","IPU7","","",""
"22","chamber of senators bicameral-IPU-Number.of.seats","IPU","Chamber of Senators Bicameral","Number.of.seats","Chamber of Senators Bicameral","18-IPU-Number.of.seats",NA,NA,NA,NA,NA,NA,NA,NA,NA,NA,NA,NA,NA,NA,NA,NA,NA,NA,NA,NA,NA,NA,"","",""
"23","chamber of senators bicameral-IPU-Number.of.women.parliamentarians","IPU","Chamber of Senators Bicameral","Number.of.women.parliamentarians","Chamber of Senators Bicameral","95-IPU-Number.of.women.parliamentarians",NA,NA,NA,NA,NA,NA,NA,NA,NA,NA,NA,NA,NA,NA,NA,NA,NA,NA,NA,NA,NA,NA,"","",""
"24","chamber of senators bicameral-IPU-Percentage.of.women","IPU","Chamber of Senators Bicameral","Percentage.of.women","Chamber of Senators Bicameral","172-IPU-Percentage.of.women",NA,NA,NA,NA,NA,NA,NA,NA,NA,NA,NA,NA,NA,NA,NA,NA,NA,NA,NA,NA,NA,NA,"","",""
"25","congress of deputies bicameral-IPU-Number.of.seats","IPU","Congress of Deputies Bicameral","Number.of.seats","Congress of Deputies Bicameral","68-IPU-Number.of.seats","Number of seats","Number of seats","Value",4.487,"Checks and Balances","Legislative System","Other","Congress of Deputies Bicameral","",NA,"","","","","",NA,"","","","","IPU8.1","32049","","",""
"26","congress of deputies bicameral-IPU-Number.of.women.parliamentarians","IPU","Congress of Deputies Bicameral","Number.of.women.parliamentarians","Congress of Deputies Bicameral","145-IPU-Number.of.women.parliamentarians","Number of women parliamentarians","Number of women parliamentarians","Value",4.487,"Checks and Balances","Legislative System","Other","Congress of Deputies Bicameral","",NA,"","","","","",NA,"","","","","IPU8.2","32050","","",""
"27","congress of deputies bicameral-IPU-Percentage.of.women","IPU","Congress of Deputies Bicameral","Percentage.of.women","Congress of Deputies Bicameral","222-IPU-Percentage.of.women","Percentage of women","Percentage of women","%",4.487,"Checks and Balances","Legislative System","Other","Congress of Deputies Bicameral","",NA,"","","","","",NA,"","","","","IPU8.3","IPU8","","",""
"28","congress of the republic unicameral-IPU-Number.of.seats","IPU","Congress of the Republic Unicameral","Number.of.seats","Congress of the Republic Unicameral","37-IPU-Number.of.seats","Number of seats","Number of seats","Value",4.387,"Checks and Balances","Legislative System","Other","Congress of the Republic Unicameral","",NA,"","","","","",NA,"","","","","IPU9.1","32052","","",""
"29","congress of the republic unicameral-IPU-Number.of.women.parliamentarians","IPU","Congress of the Republic Unicameral","Number.of.women.parliamentarians","Congress of the Republic Unicameral","114-IPU-Number.of.women.parliamentarians","Number of women parliamentarians","Number of women parliamentarians","Value",4.387,"Checks and Balances","Legislative System","Other","Congress of the Republic Unicameral","",NA,"","","","","",NA,"","","","","IPU9.2","32053","","",""
"30","congress of the republic unicameral-IPU-Percentage.of.women","IPU","Congress of the Republic Unicameral","Percentage.of.women","Congress of the Republic Unicameral","191-IPU-Percentage.of.women","Percentage of women","Percentage of women","%",4.387,"Checks and Balances","Legislative System","Other","Congress of the Republic Unicameral","",NA,"","","","","",NA,"","","","","IPU9.3","IPU9","","",""
"31","congress unicameral-IPU-Number.of.seats","IPU","Congress Unicameral","Number.of.seats","Congress Unicameral","50-IPU-Number.of.seats",NA,NA,NA,NA,NA,NA,NA,NA,NA,NA,NA,NA,NA,NA,NA,NA,NA,NA,NA,NA,NA,NA,"","",""
"32","congress unicameral-IPU-Number.of.women.parliamentarians","IPU","Congress Unicameral","Number.of.women.parliamentarians","Congress Unicameral","127-IPU-Number.of.women.parliamentarians",NA,NA,NA,NA,NA,NA,NA,NA,NA,NA,NA,NA,NA,NA,NA,NA,NA,NA,NA,NA,NA,NA,"","",""
"33","congress unicameral-IPU-Percentage.of.women","IPU","Congress Unicameral","Percentage.of.women","Congress Unicameral","204-IPU-Percentage.of.women",NA,NA,NA,NA,NA,NA,NA,NA,NA,NA,NA,NA,NA,NA,NA,NA,NA,NA,NA,NA,NA,NA,"","",""
"34","consultative council bicameral-IPU-Number.of.seats","IPU","Consultative Council Bicameral","Number.of.seats","Consultative Council Bicameral","55-IPU-Number.of.seats","Number of seats","Number of seats","Value",4.075,"Checks and Balances","Legislative System","Other","Consultative Council Bicameral","",NA,"","","","","",NA,"","","","","IPU10.1","31836","","",""
"35","consultative council bicameral-IPU-Number.of.women.parliamentarians","IPU","Consultative Council Bicameral","Number.of.women.parliamentarians","Consultative Council Bicameral","132-IPU-Number.of.women.parliamentarians","Number of women parliamentarians","Number of women parliamentarians","Value",4.075,"Checks and Balances","Legislative System","Other","Consultative Council Bicameral","",NA,"","","","","",NA,"","","","","IPU10.2","31837","","",""
"36","consultative council bicameral-IPU-Percentage.of.women","IPU","Consultative Council Bicameral","Percentage.of.women","Consultative Council Bicameral","209-IPU-Percentage.of.women","Percentage of women","Percentage of women","%",4.075,"Checks and Balances","Legislative System","Other","Consultative Council Bicameral","",NA,"","","","","",NA,"","","","","IPU10.3","IPU10","","",""
"37","council of representatives bicameral-IPU-Number.of.seats","IPU","Council of Representatives Bicameral","Number.of.seats","Council of Representatives Bicameral","14-IPU-Number.of.seats","Number of seats","Number of seats","Value",4.174,"Checks and Balances","Legislative System","Other","Council of Representatives Bicameral","",NA,"","","","","",NA,"","","","","IPU11.1","31839","","",""
"38","council of representatives bicameral-IPU-Number.of.women.parliamentarians","IPU","Council of Representatives Bicameral","Number.of.women.parliamentarians","Council of Representatives Bicameral","91-IPU-Number.of.women.parliamentarians","Number of women parliamentarians","Number of women parliamentarians","Value",4.174,"Checks and Balances","Legislative System","Other","Council of Representatives Bicameral","",NA,"","","","","",NA,"","","","","IPU11.2","31840","","",""
"39","council of representatives bicameral-IPU-Percentage.of.women","IPU","Council of Representatives Bicameral","Percentage.of.women","Council of Representatives Bicameral","168-IPU-Percentage.of.women","Percentage of women","Percentage of women","%",4.174,"Checks and Balances","Legislative System","Other","Council of Representatives Bicameral","",NA,"","","","","",NA,"","","","","IPU11.3","IPU11","","",""
"40","council of representatives of iraq unicameral-IPU-Number.of.seats","IPU","Council of Representatives of Iraq Unicameral","Number.of.seats","Council of Representatives of Iraq Unicameral","43-IPU-Number.of.seats","Number of seats","Number of seats","Value",4.209,"Checks and Balances","Legislative System","Other","Council of Representatives of Iraq Unicameral","",NA,"","","","","",NA,"","","","","IPU12.1","31842","","",""
"41","council of representatives of iraq unicameral-IPU-Number.of.women.parliamentarians","IPU","Council of Representatives of Iraq Unicameral","Number.of.women.parliamentarians","Council of Representatives of Iraq Unicameral","120-IPU-Number.of.women.parliamentarians","Number of women parliamentarians","Number of women parliamentarians","Value",4.209,"Checks and Balances","Legislative System","Other","Council of Representatives of Iraq Unicameral","",NA,"","","","","",NA,"","","","","IPU12.2","31843","","",""
"42","council of representatives of iraq unicameral-IPU-Percentage.of.women","IPU","Council of Representatives of Iraq Unicameral","Percentage.of.women","Council of Representatives of Iraq Unicameral","197-IPU-Percentage.of.women","Percentage of women","Percentage of women","%",4.209,"Checks and Balances","Legislative System","Other","Council of Representatives of Iraq Unicameral","",NA,"","","","","",NA,"","","","","IPU12.3","IPU12","","",""
"43","council of states bicameral-IPU-Number.of.seats","IPU","Council of States Bicameral","Number.of.seats","Council of States Bicameral","41-IPU-Number.of.seats","Number of seats","Number of seats","Value",5.243,"Checks and Balances","Legislative System","Other","Council of States Bicameral","",NA,"","","","","",NA,"","","","","IPU13.1","31845","","",""
"44","council of states bicameral-IPU-Number.of.women.parliamentarians","IPU","Council of States Bicameral","Number.of.women.parliamentarians","Council of States Bicameral","118-IPU-Number.of.women.parliamentarians","Number of women parliamentarians","Number of women parliamentarians","Value",5.243,"Checks and Balances","Legislative System","Other","Council of States Bicameral","",NA,"","","","","",NA,"","","","","IPU13.2","31846","","",""
"45","council of states bicameral-IPU-Percentage.of.women","IPU","Council of States Bicameral","Percentage.of.women","Council of States Bicameral","195-IPU-Percentage.of.women","Percentage of women","Percentage of women","%",5.243,"Checks and Balances","Legislative System","Other","Council of States Bicameral","",NA,"","","","","",NA,"","","","","IPU13.3","IPU13","","",""
"46","council of the federation bicameral-IPU-Number.of.seats","IPU","Council of the Federation Bicameral","Number.of.seats","Council of the Federation Bicameral","62-IPU-Number.of.seats","Number of seats","Number of seats","Value",4.733,"Checks and Balances","Legislative System","Other","Council of the Federation Bicameral","",NA,"","","","","",NA,"","","","","IPU14.1","31848","","",""
"47","council of the federation bicameral-IPU-Number.of.women.parliamentarians","IPU","Council of the Federation Bicameral","Number.of.women.parliamentarians","Council of the Federation Bicameral","139-IPU-Number.of.women.parliamentarians","Number of women parliamentarians","Number of women parliamentarians","Value",4.733,"Checks and Balances","Legislative System","Other","Council of the Federation Bicameral","",NA,"","","","","",NA,"","","","","IPU14.2","31849","","",""
"48","council of the federation bicameral-IPU-Percentage.of.women","IPU","Council of the Federation Bicameral","Percentage.of.women","Council of the Federation Bicameral","216-IPU-Percentage.of.women","Percentage of women","Percentage of women","%",4.733,"Checks and Balances","Legislative System","Other","Council of the Federation Bicameral","",NA,"","","","","",NA,"","","","","IPU14.3","IPU14","","",""
"49","council of the nation bicameral-IPU-Number.of.seats","IPU","Council of the Nation Bicameral","Number.of.seats","Council of the Nation Bicameral","5-IPU-Number.of.seats","Number of seats","Number of seats","Value",4.069,"Checks and Balances","Legislative System","Other","Council of the Nation Bicameral","",NA,"","","","","",NA,"","","","","IPU15.1","31851","","",""
"50","council of the nation bicameral-IPU-Number.of.women.parliamentarians","IPU","Council of the Nation Bicameral","Number.of.women.parliamentarians","Council of the Nation Bicameral","82-IPU-Number.of.women.parliamentarians","Number of women parliamentarians","Number of women parliamentarians","Value",4.069,"Checks and Balances","Legislative System","Other","Council of the Nation Bicameral","",NA,"","","","","",NA,"","","","","IPU15.2","31852","","",""
"51","council of the nation bicameral-IPU-Percentage.of.women","IPU","Council of the Nation Bicameral","Percentage.of.women","Council of the Nation Bicameral","159-IPU-Percentage.of.women","Percentage of women","Percentage of women","%",4.069,"Checks and Balances","Legislative System","Other","Council of the Nation Bicameral","",NA,"","","","","",NA,"","","","","IPU15.3","IPU15","","",""
"52","council of the republic bicameral-IPU-Number.of.seats","IPU","Council of the Republic Bicameral","Number.of.seats","Council of the Republic Bicameral","16-IPU-Number.of.seats","Number of seats","Number of seats","Value",4.743,"Checks and Balances","Legislative System","Other","Council of the Republic Bicameral","",NA,"","","","","",NA,"","","","","IPU16.1","31854","","",""
"53","council of the republic bicameral-IPU-Number.of.women.parliamentarians","IPU","Council of the Republic Bicameral","Number.of.women.parliamentarians","Council of the Republic Bicameral","93-IPU-Number.of.women.parliamentarians","Number of women parliamentarians","Number of women parliamentarians","Value",4.743,"Checks and Balances","Legislative System","Other","Council of the Republic Bicameral","",NA,"","","","","",NA,"","","","","IPU16.2","31855","","",""
"54","council of the republic bicameral-IPU-Percentage.of.women","IPU","Council of the Republic Bicameral","Percentage.of.women","Council of the Republic Bicameral","170-IPU-Percentage.of.women","Percentage of women","Percentage of women","%",4.743,"Checks and Balances","Legislative System","Other","Council of the Republic Bicameral","",NA,"","","","","",NA,"","","","","IPU16.3","IPU16","","",""
"55","croatian parliament unicameral-IPU-Number.of.seats","IPU","Croatian Parliament Unicameral","Number.of.seats","Croatian Parliament Unicameral","26-IPU-Number.of.seats","Number of seats","Number of seats","Value",4.785,"Checks and Balances","Legislative System","Other","Croatian Parliament Unicameral","",NA,"","","","","",NA,"","","","","IPU17.1","31857","","",""
"56","croatian parliament unicameral-IPU-Number.of.women.parliamentarians","IPU","Croatian Parliament Unicameral","Number.of.women.parliamentarians","Croatian Parliament Unicameral","103-IPU-Number.of.women.parliamentarians","Number of women parliamentarians","Number of women parliamentarians","Value",4.785,"Checks and Balances","Legislative System","Other","Croatian Parliament Unicameral","",NA,"","","","","",NA,"","","","","IPU17.2","31858","","",""
"57","croatian parliament unicameral-IPU-Percentage.of.women","IPU","Croatian Parliament Unicameral","Percentage.of.women","Croatian Parliament Unicameral","180-IPU-Percentage.of.women","Percentage of women","Percentage of women","%",4.785,"Checks and Balances","Legislative System","Other","Croatian Parliament Unicameral","",NA,"","","","","",NA,"","","","","IPU17.3","IPU17","","",""
"58","diet unicameral-IPU-Number.of.seats","IPU","Diet Unicameral","Number.of.seats","Diet Unicameral","47-IPU-Number.of.seats","Number of seats","Number of seats","Value",4.116,"Checks and Balances","Legislative System","Other","Diet Unicameral","",NA,"","","","","",NA,"","","","","IPU18.1","31860","","",""
"59","diet unicameral-IPU-Number.of.women.parliamentarians","IPU","Diet Unicameral","Number.of.women.parliamentarians","Diet Unicameral","124-IPU-Number.of.women.parliamentarians","Number of women parliamentarians","Number of women parliamentarians","Value",4.116,"Checks and Balances","Legislative System","Other","Diet Unicameral","",NA,"","","","","",NA,"","","","","IPU18.2","31861","","",""
"60","diet unicameral-IPU-Percentage.of.women","IPU","Diet Unicameral","Percentage.of.women","Diet Unicameral","201-IPU-Percentage.of.women","Percentage of women","Percentage of women","%",4.116,"Checks and Balances","Legislative System","Other","Diet Unicameral","",NA,"","","","","",NA,"","","","","IPU18.3","IPU18","","",""
"61","federal council bicameral-IPU-Number.of.seats","IPU","Federal Council Bicameral","Number.of.seats","Federal Council Bicameral","12-IPU-Number.of.seats","Number of seats","Number of seats","Value",4.378,"Checks and Balances","Legislative System","Other","Federal Council Bicameral","",NA,"","","","","",NA,"","","","","IPU19.1","31863","","",""
"62","federal council bicameral-IPU-Number.of.women.parliamentarians","IPU","Federal Council Bicameral","Number.of.women.parliamentarians","Federal Council Bicameral","89-IPU-Number.of.women.parliamentarians","Number of women parliamentarians","Number of women parliamentarians","Value",4.378,"Checks and Balances","Legislative System","Other","Federal Council Bicameral","",NA,"","","","","",NA,"","","","","IPU19.2","31864","","",""
"63","federal council bicameral-IPU-Percentage.of.women","IPU","Federal Council Bicameral","Percentage.of.women","Federal Council Bicameral","166-IPU-Percentage.of.women","Percentage of women","Percentage of women","%",4.378,"Checks and Balances","Legislative System","Other","Federal Council Bicameral","",NA,"","","","","",NA,"","","","","IPU19.3","IPU19","","",""
"64","federal national council unicameral-IPU-Number.of.seats","IPU","Federal National Council Unicameral","Number.of.seats","Federal National Council Unicameral","75-IPU-Number.of.seats","Number of seats","Number of seats","Value",4.959,"Checks and Balances","Legislative System","Other","Federal National Council Unicameral","",NA,"","","","","",NA,"","","","","IPU20.1","31869","","",""
"65","federal national council unicameral-IPU-Number.of.women.parliamentarians","IPU","Federal National Council Unicameral","Number.of.women.parliamentarians","Federal National Council Unicameral","152-IPU-Number.of.women.parliamentarians","Number of women parliamentarians","Number of women parliamentarians","Value",4.959,"Checks and Balances","Legislative System","Other","Federal National Council Unicameral","",NA,"","","","","",NA,"","","","","IPU20.2","31870","","",""
"66","federal national council unicameral-IPU-Percentage.of.women","IPU","Federal National Council Unicameral","Percentage.of.women","Federal National Council Unicameral","229-IPU-Percentage.of.women","Percentage of women","Percentage of women","%",4.959,"Checks and Balances","Legislative System","Other","Federal National Council Unicameral","",NA,"","","","","",NA,"","","","","IPU20.3","IPU20","","",""
"67","federal senate bicameral-IPU-Number.of.seats","IPU","Federal Senate Bicameral","Number.of.seats","Federal Senate Bicameral","20-IPU-Number.of.seats","Number of seats","Number of seats","Value",5.351,"Checks and Balances","Legislative System","Other","Federal Senate Bicameral","",NA,"","","","","",NA,"","","","","IPU21.1","31872","","",""
"68","federal senate bicameral-IPU-Number.of.women.parliamentarians","IPU","Federal Senate Bicameral","Number.of.women.parliamentarians","Federal Senate Bicameral","97-IPU-Number.of.women.parliamentarians","Number of women parliamentarians","Number of women parliamentarians","Value",5.351,"Checks and Balances","Legislative System","Other","Federal Senate Bicameral","",NA,"","","","","",NA,"","","","","IPU21.2","31873","","",""
"69","federal senate bicameral-IPU-Percentage.of.women","IPU","Federal Senate Bicameral","Percentage.of.women","Federal Senate Bicameral","174-IPU-Percentage.of.women","Percentage of women","Percentage of women","%",5.351,"Checks and Balances","Legislative System","Other","Federal Senate Bicameral","",NA,"","","","","",NA,"","","","","IPU21.3","IPU21","","",""
"70","general council unicameral-IPU-Number.of.seats","IPU","General Council Unicameral","Number.of.seats","General Council Unicameral","6-IPU-Number.of.seats","Number of seats","Number of seats","Value",4.37,"Checks and Balances","Legislative System","Other","General Council Unicameral","",NA,"","","","","",NA,"","","","","IPU22.1","31875","","",""
"71","general council unicameral-IPU-Number.of.women.parliamentarians","IPU","General Council Unicameral","Number.of.women.parliamentarians","General Council Unicameral","83-IPU-Number.of.women.parliamentarians","Number of women parliamentarians","Number of women parliamentarians","Value",4.37,"Checks and Balances","Legislative System","Other","General Council Unicameral","",NA,"","","","","",NA,"","","","","IPU22.2","31876","","",""
"72","general council unicameral-IPU-Percentage.of.women","IPU","General Council Unicameral","Percentage.of.women","General Council Unicameral","160-IPU-Percentage.of.women","Percentage of women","Percentage of women","%",4.37,"Checks and Balances","Legislative System","Other","General Council Unicameral","",NA,"","","","","",NA,"","","","","IPU22.3","IPU22","","",""
"73","german bundestag bicameral-IPU-Number.of.seats","IPU","German Bundestag Bicameral","Number.of.seats","German Bundestag Bicameral","35-IPU-Number.of.seats","Number of seats","Number of seats","Value",4.147,"Checks and Balances","Legislative System","Other","German Bundestag Bicameral","",NA,"","","","","",NA,"","","","","IPU23.1","31878","","",""
"74","german bundestag bicameral-IPU-Number.of.women.parliamentarians","IPU","German Bundestag Bicameral","Number.of.women.parliamentarians","German Bundestag Bicameral","112-IPU-Number.of.women.parliamentarians","Number of women parliamentarians","Number of women parliamentarians","Value",4.147,"Checks and Balances","Legislative System","Other","German Bundestag Bicameral","",NA,"","","","","",NA,"","","","","IPU23.2","31879","","",""
"75","german bundestag bicameral-IPU-Percentage.of.women","IPU","German Bundestag Bicameral","Percentage.of.women","German Bundestag Bicameral","189-IPU-Percentage.of.women","Percentage of women","Percentage of women","%",4.147,"Checks and Balances","Legislative System","Other","German Bundestag Bicameral","",NA,"","","","","",NA,"","","","","IPU23.3","IPU23","","",""
"76","grand national assembly of turkey unicameral-IPU-Number.of.seats","IPU","Grand National Assembly of Turkey Unicameral","Number.of.seats","Grand National Assembly of Turkey Unicameral","72-IPU-Number.of.seats","Number of seats","Number of seats","Value",4.4,"Checks and Balances","Legislative System","Other","Grand National Assembly of Turkey Unicameral","",NA,"","","","","",NA,"","","","","IPU24.1","31881","","",""
"77","grand national assembly of turkey unicameral-IPU-Number.of.women.parliamentarians","IPU","Grand National Assembly of Turkey Unicameral","Number.of.women.parliamentarians","Grand National Assembly of Turkey Unicameral","149-IPU-Number.of.women.parliamentarians","Number of women parliamentarians","Number of women parliamentarians","Value",4.4,"Checks and Balances","Legislative System","Other","Grand National Assembly of Turkey Unicameral","",NA,"","","","","",NA,"","","","","IPU24.2","31882","","",""
"78","grand national assembly of turkey unicameral-IPU-Percentage.of.women","IPU","Grand National Assembly of Turkey Unicameral","Percentage.of.women","Grand National Assembly of Turkey Unicameral","226-IPU-Percentage.of.women","Percentage of women","Percentage of women","%",4.4,"Checks and Balances","Legislative System","Other","Grand National Assembly of Turkey Unicameral","",NA,"","","","","",NA,"","","","","IPU24.3","IPU24","","",""
"79","great and general council unicameral-IPU-Number.of.seats","IPU","Great and General Council Unicameral","Number.of.seats","Great and General Council Unicameral","63-IPU-Number.of.seats","Number of seats","Number of seats","Value",4.281,"Checks and Balances","Legislative System","Other","Great and General Council Unicameral","",NA,"","","","","",NA,"","","","","IPU25.1","31884","","",""
"80","great and general council unicameral-IPU-Number.of.women.parliamentarians","IPU","Great and General Council Unicameral","Number.of.women.parliamentarians","Great and General Council Unicameral","140-IPU-Number.of.women.parliamentarians","Number of women parliamentarians","Number of women parliamentarians","Value",4.281,"Checks and Balances","Legislative System","Other","Great and General Council Unicameral","",NA,"","","","","",NA,"","","","","IPU25.2","31885","","",""
"81","great and general council unicameral-IPU-Percentage.of.women","IPU","Great and General Council Unicameral","Percentage.of.women","Great and General Council Unicameral","217-IPU-Percentage.of.women","Percentage of women","Percentage of women","%",4.281,"Checks and Balances","Legislative System","Other","Great and General Council Unicameral","",NA,"","","","","",NA,"","","","","IPU25.3","IPU25","","",""
"82","hellenic parliament unicameral-IPU-Number.of.seats","IPU","Hellenic Parliament Unicameral","Number.of.seats","Hellenic Parliament Unicameral","36-IPU-Number.of.seats","Number of seats","Number of seats","Value",4.142,"Checks and Balances","Legislative System","Other","Hellenic Parliament Unicameral","",NA,"","","","","",NA,"","","","","IPU26.1","31887","","",""
"83","hellenic parliament unicameral-IPU-Number.of.women.parliamentarians","IPU","Hellenic Parliament Unicameral","Number.of.women.parliamentarians","Hellenic Parliament Unicameral","113-IPU-Number.of.women.parliamentarians","Number of women parliamentarians","Number of women parliamentarians","Value",4.142,"Checks and Balances","Legislative System","Other","Hellenic Parliament Unicameral","",NA,"","","","","",NA,"","","","","IPU26.2","31888","","",""
"84","hellenic parliament unicameral-IPU-Percentage.of.women","IPU","Hellenic Parliament Unicameral","Percentage.of.women","Hellenic Parliament Unicameral","190-IPU-Percentage.of.women","Percentage of women","Percentage of women","%",4.142,"Checks and Balances","Legislative System","Other","Hellenic Parliament Unicameral","",NA,"","","","","",NA,"","","","","IPU26.3","IPU26","","",""
"85","house of assembly bicameral-IPU-Number.of.seats","IPU","House of Assembly Bicameral","Number.of.seats","House of Assembly Bicameral","13-IPU-Number.of.seats","Number of seats","Number of seats","Value",4.793,"Checks and Balances","Legislative System","Other","House of Assembly Bicameral","",NA,"","","","","",NA,"","","","","IPU27.1","31890","","",""
"86","house of assembly bicameral-IPU-Number.of.women.parliamentarians","IPU","House of Assembly Bicameral","Number.of.women.parliamentarians","House of Assembly Bicameral","90-IPU-Number.of.women.parliamentarians","Number of women parliamentarians","Number of women parliamentarians","Value",4.793,"Checks and Balances","Legislative System","Other","House of Assembly Bicameral","",NA,"","","","","",NA,"","","","","IPU27.2","31891","","",""
"87","house of assembly bicameral-IPU-Percentage.of.women","IPU","House of Assembly Bicameral","Percentage.of.women","House of Assembly Bicameral","167-IPU-Percentage.of.women","Percentage of women","Percentage of women","%",4.793,"Checks and Balances","Legislative System","Other","House of Assembly Bicameral","",NA,"","","","","",NA,"","","","","IPU27.3","IPU27","","",""
"88","house of assembly unicameral-IPU-Number.of.seats","IPU","House of Assembly Unicameral","Number.of.seats","House of Assembly Unicameral","31-IPU-Number.of.seats","Number of seats","Number of seats","Value",4.151,"Checks and Balances","Legislative System","Other","House of Assembly Unicameral","",NA,"","","","","",NA,"","","","","IPU28.1","31893","","",""
"89","house of assembly unicameral-IPU-Number.of.women.parliamentarians","IPU","House of Assembly Unicameral","Number.of.women.parliamentarians","House of Assembly Unicameral","108-IPU-Number.of.women.parliamentarians","Number of women parliamentarians","Number of women parliamentarians","Value",4.151,"Checks and Balances","Legislative System","Other","House of Assembly Unicameral","",NA,"","","","","",NA,"","","","","IPU28.2","31894","","",""
"90","house of assembly unicameral-IPU-Percentage.of.women","IPU","House of Assembly Unicameral","Percentage.of.women","House of Assembly Unicameral","185-IPU-Percentage.of.women","Percentage of women","Percentage of women","%",4.151,"Checks and Balances","Legislative System","Other","House of Assembly Unicameral","",NA,"","","","","",NA,"","","","","IPU28.3","IPU28","","",""
"91","house of commons bicameral-IPU-Number.of.seats","IPU","House of Commons Bicameral","Number.of.seats","House of Commons Bicameral","22-IPU-Number.of.seats","Number of seats","Number of seats","Value",4.294,"Checks and Balances","Legislative System","Other","House of Commons Bicameral","",NA,"","","","","",NA,"","","","","IPU29.1","31896","","",""
"92","house of commons bicameral-IPU-Number.of.women.parliamentarians","IPU","House of Commons Bicameral","Number.of.women.parliamentarians","House of Commons Bicameral","99-IPU-Number.of.women.parliamentarians","Number of women parliamentarians","Number of women parliamentarians","Value",4.294,"Checks and Balances","Legislative System","Other","House of Commons Bicameral","",NA,"","","","","",NA,"","","","","IPU29.2","31897","","",""
"93","house of commons bicameral-IPU-Percentage.of.women","IPU","House of Commons Bicameral","Percentage.of.women","House of Commons Bicameral","176-IPU-Percentage.of.women","Percentage of women","Percentage of women","%",4.294,"Checks and Balances","Legislative System","Other","House of Commons Bicameral","",NA,"","","","","",NA,"","","","","IPU29.3","IPU29","","",""
"94","house of councillors bicameral-IPU-Number.of.seats","IPU","House of Councillors Bicameral","Number.of.seats","House of Councillors Bicameral","44-IPU-Number.of.seats","Number of seats","Number of seats","Value",4.003,"Checks and Balances","Legislative System","Other","House of Councillors Bicameral","",NA,"","","","","",NA,"","","","","IPU30.1","31902","","",""
"95","house of councillors bicameral-IPU-Number.of.women.parliamentarians","IPU","House of Councillors Bicameral","Number.of.women.parliamentarians","House of Councillors Bicameral","121-IPU-Number.of.women.parliamentarians","Number of women parliamentarians","Number of women parliamentarians","Value",4.003,"Checks and Balances","Legislative System","Other","House of Councillors Bicameral","",NA,"","","","","",NA,"","","","","IPU30.2","31903","","",""
"96","house of councillors bicameral-IPU-Percentage.of.women","IPU","House of Councillors Bicameral","Percentage.of.women","House of Councillors Bicameral","198-IPU-Percentage.of.women","Percentage of women","Percentage of women","%",4.003,"Checks and Balances","Legislative System","Other","House of Councillors Bicameral","",NA,"","","","","",NA,"","","","","IPU30.3","IPU30","","",""
"97","house of delegates bicameral-IPU-Number.of.seats","IPU","House of Delegates Bicameral","Number.of.seats","House of Delegates Bicameral","57-IPU-Number.of.seats","Number of seats","Number of seats","Value",4.803,"Checks and Balances","Legislative System","Other","House of Delegates Bicameral","",NA,"","","","","",NA,"","","","","IPU31.1","31905","","",""
"98","house of delegates bicameral-IPU-Number.of.women.parliamentarians","IPU","House of Delegates Bicameral","Number.of.women.parliamentarians","House of Delegates Bicameral","134-IPU-Number.of.women.parliamentarians","Number of women parliamentarians","Number of women parliamentarians","Value",4.803,"Checks and Balances","Legislative System","Other","House of Delegates Bicameral","",NA,"","","","","",NA,"","","","","IPU31.2","31906","","",""
"99","house of delegates bicameral-IPU-Percentage.of.women","IPU","House of Delegates Bicameral","Percentage.of.women","House of Delegates Bicameral","211-IPU-Percentage.of.women","Percentage of women","Percentage of women","%",4.803,"Checks and Balances","Legislative System","Other","House of Delegates Bicameral","",NA,"","","","","",NA,"","","","","IPU31.3","IPU31","","",""
"100","house of elders bicameral-IPU-Number.of.seats","IPU","House of Elders Bicameral","Number.of.seats","House of Elders Bicameral","2-IPU-Number.of.seats","Number of seats","Number of seats","Value",4.331,"Checks and Balances","Legislative System","Other","House of Elders Bicameral","",NA,"","","","","",NA,"","","","","IPU32.1","31908","","",""
"101","house of elders bicameral-IPU-Number.of.women.parliamentarians","IPU","House of Elders Bicameral","Number.of.women.parliamentarians","House of Elders Bicameral","79-IPU-Number.of.women.parliamentarians","Number of women parliamentarians","Number of women parliamentarians","Value",4.331,"Checks and Balances","Legislative System","Other","House of Elders Bicameral","",NA,"","","","","",NA,"","","","","IPU32.2","31909","","",""
"102","house of elders bicameral-IPU-Percentage.of.women","IPU","House of Elders Bicameral","Percentage.of.women","House of Elders Bicameral","156-IPU-Percentage.of.women","Percentage of women","Percentage of women","%",4.331,"Checks and Balances","Legislative System","Other","House of Elders Bicameral","",NA,"","","","","",NA,"","","","","IPU32.3","IPU32","","",""
"103","house of lords bicameral-IPU-Number.of.seats","IPU","House of Lords Bicameral","Number.of.seats","House of Lords Bicameral","76-IPU-Number.of.seats","Number of seats","Number of seats","Value",4.235,"Checks and Balances","Legislative System","Other","House of Lords Bicameral","",NA,"","","","","",NA,"","","","","IPU33.1","31911","","",""
"104","house of lords bicameral-IPU-Number.of.women.parliamentarians","IPU","House of Lords Bicameral","Number.of.women.parliamentarians","House of Lords Bicameral","153-IPU-Number.of.women.parliamentarians","Number of women parliamentarians","Number of women parliamentarians","Value",4.235,"Checks and Balances","Legislative System","Other","House of Lords Bicameral","",NA,"","","","","",NA,"","","","","IPU33.2","31912","","",""
"105","house of lords bicameral-IPU-Percentage.of.women","IPU","House of Lords Bicameral","Percentage.of.women","House of Lords Bicameral","230-IPU-Percentage.of.women","Percentage of women","Percentage of women","%",4.235,"Checks and Balances","Legislative System","Other","House of Lords Bicameral","",NA,"","","","","",NA,"","","","","IPU33.3","IPU33","","",""
"106","house of nationalities bicameral-IPU-Number.of.seats","IPU","House of Nationalities Bicameral","Number.of.seats","House of Nationalities Bicameral","54-IPU-Number.of.seats","Number of seats","Number of seats","Value",4.517,"Checks and Balances","Legislative System","Other","House of Nationalities Bicameral","",NA,"","","","","",NA,"","","","","IPU34.1","31914","","",""
"107","house of nationalities bicameral-IPU-Number.of.women.parliamentarians","IPU","House of Nationalities Bicameral","Number.of.women.parliamentarians","House of Nationalities Bicameral","131-IPU-Number.of.women.parliamentarians","Number of women parliamentarians","Number of women parliamentarians","Value",4.517,"Checks and Balances","Legislative System","Other","House of Nationalities Bicameral","",NA,"","","","","",NA,"","","","","IPU34.2","31915","","",""
"108","house of nationalities bicameral-IPU-Percentage.of.women","IPU","House of Nationalities Bicameral","Percentage.of.women","House of Nationalities Bicameral","208-IPU-Percentage.of.women","Percentage of women","Percentage of women","%",4.517,"Checks and Balances","Legislative System","Other","House of Nationalities Bicameral","",NA,"","","","","",NA,"","","","","IPU34.3","IPU34","","",""
"109","house of peoples bicameral-IPU-Number.of.seats","IPU","House of Peoples Bicameral","Number.of.seats","House of Peoples Bicameral","19-IPU-Number.of.seats","Number of seats","Number of seats","Value",4.091,"Checks and Balances","Legislative System","Other","House of Peoples Bicameral","",NA,"","","","","",NA,"","","","","IPU35.1","31917","","",""
"110","house of peoples bicameral-IPU-Number.of.women.parliamentarians","IPU","House of Peoples Bicameral","Number.of.women.parliamentarians","House of Peoples Bicameral","96-IPU-Number.of.women.parliamentarians","Number of women parliamentarians","Number of women parliamentarians","Value",4.091,"Checks and Balances","Legislative System","Other","House of Peoples Bicameral","",NA,"","","","","",NA,"","","","","IPU35.2","31918","","",""
"111","house of peoples bicameral-IPU-Percentage.of.women","IPU","House of Peoples Bicameral","Percentage.of.women","House of Peoples Bicameral","173-IPU-Percentage.of.women","Percentage of women","Percentage of women","%",4.091,"Checks and Balances","Legislative System","Other","House of Peoples Bicameral","",NA,"","","","","",NA,"","","","","IPU35.3","IPU35","","",""
"112","house of peoples representatives bicameral-IPU-Number.of.seats","IPU","House of Peoples' Representatives Bicameral","Number.of.seats","House of Peoples' Representatives Bicameral","33-IPU-Number.of.seats","Number of seats","Number of seats","Value",4.618,"Checks and Balances","Legislative System","Other","House of Peoples Representatives Bicameral","",NA,"","","","","",NA,"","","","","IPU36.1","31920","","",""
"113","house of peoples representatives bicameral-IPU-Number.of.women.parliamentarians","IPU","House of Peoples' Representatives Bicameral","Number.of.women.parliamentarians","House of Peoples' Representatives Bicameral","110-IPU-Number.of.women.parliamentarians","Number of women parliamentarians","Number of women parliamentarians","Value",4.618,"Checks and Balances","Legislative System","Other","House of Peoples Representatives Bicameral","",NA,"","","","","",NA,"","","","","IPU36.2","31921","","",""
"114","house of peoples representatives bicameral-IPU-Percentage.of.women","IPU","House of Peoples' Representatives Bicameral","Percentage.of.women","House of Peoples' Representatives Bicameral","187-IPU-Percentage.of.women","Percentage of women","Percentage of women","%",4.618,"Checks and Balances","Legislative System","Other","House of Peoples Representatives Bicameral","",NA,"","","","","",NA,"","","","","IPU36.3","IPU36","","",""
"115","house of representatives bicameral-IPU-Number.of.seats","IPU","House of Representatives Bicameral","Number.of.seats","House of Representatives Bicameral","8-IPU-Number.of.seats","Number of seats","Number of seats","Value",5.228,"Checks and Balances","Legislative System","Other","House of Representatives Bicameral","",NA,"","","","","",NA,"","","","","IPU37.1","31923","","",""
"116","house of representatives bicameral-IPU-Number.of.women.parliamentarians","IPU","House of Representatives Bicameral","Number.of.women.parliamentarians","House of Representatives Bicameral","85-IPU-Number.of.women.parliamentarians","Number of women parliamentarians","Number of women parliamentarians","Value",5.228,"Checks and Balances","Legislative System","Other","House of Representatives Bicameral","",NA,"","","","","",NA,"","","","","IPU37.2","31924","","",""
"117","house of representatives bicameral-IPU-Percentage.of.women","IPU","House of Representatives Bicameral","Percentage.of.women","House of Representatives Bicameral","162-IPU-Percentage.of.women","Percentage of women","Percentage of women","%",5.228,"Checks and Balances","Legislative System","Other","House of Representatives Bicameral","",NA,"","","","","",NA,"","","","","IPU37.3","IPU37","","",""
"118","house of representatives unicameral-IPU-Number.of.seats","IPU","House of Representatives Unicameral","Number.of.seats","House of Representatives Unicameral","28-IPU-Number.of.seats","Number of seats","Number of seats","Value",5.343,"Checks and Balances","Legislative System","Other","House of Representatives Unicameral","",NA,"","","","","",NA,"","","","","IPU38.1","31926","","",""
"119","house of representatives unicameral-IPU-Number.of.women.parliamentarians","IPU","House of Representatives Unicameral","Number.of.women.parliamentarians","House of Representatives Unicameral","105-IPU-Number.of.women.parliamentarians","Number of women parliamentarians","Number of women parliamentarians","Value",5.343,"Checks and Balances","Legislative System","Other","House of Representatives Unicameral","",NA,"","","","","",NA,"","","","","IPU38.2","31927","","",""
"120","house of representatives unicameral-IPU-Percentage.of.women","IPU","House of Representatives Unicameral","Percentage.of.women","House of Representatives Unicameral","182-IPU-Percentage.of.women","Percentage of women","Percentage of women","%",5.343,"Checks and Balances","Legislative System","Other","House of Representatives Unicameral","",NA,"","","","","",NA,"","","","","IPU38.3","IPU38","","",""
"121","house of the federation bicameral-IPU-Number.of.seats","IPU","House of the Federation Bicameral","Number.of.seats","House of the Federation Bicameral","34-IPU-Number.of.seats","Number of seats","Number of seats","Value",4.207,"Checks and Balances","Legislative System","Other","House of the Federation Bicameral","",NA,"","","","","",NA,"","","","","IPU39.1","31929","","",""
"122","house of the federation bicameral-IPU-Number.of.women.parliamentarians","IPU","House of the Federation Bicameral","Number.of.women.parliamentarians","House of the Federation Bicameral","111-IPU-Number.of.women.parliamentarians","Number of women parliamentarians","Number of women parliamentarians","Value",4.207,"Checks and Balances","Legislative System","Other","House of the Federation Bicameral","",NA,"","","","","",NA,"","","","","IPU39.2","31930","","",""
"123","house of the federation bicameral-IPU-Percentage.of.women","IPU","House of the Federation Bicameral","Percentage.of.women","House of the Federation Bicameral","188-IPU-Percentage.of.women","Percentage of women","Percentage of women","%",4.207,"Checks and Balances","Legislative System","Other","House of the Federation Bicameral","",NA,"","","","","",NA,"","","","","IPU39.3","IPU39","","",""
"124","house of the people bicameral-IPU-Number.of.seats","IPU","House of the People Bicameral","Number.of.seats","House of the People Bicameral","1-IPU-Number.of.seats","Number of seats","Number of seats","Value",4.749,"Checks and Balances","Legislative System","Other","House of the People Bicameral","",NA,"","","","","",NA,"","","","","IPU40.1","31935","","",""
"125","house of the people bicameral-IPU-Number.of.women.parliamentarians","IPU","House of the People Bicameral","Number.of.women.parliamentarians","House of the People Bicameral","78-IPU-Number.of.women.parliamentarians","Number of women parliamentarians","Number of women parliamentarians","Value",4.749,"Checks and Balances","Legislative System","Other","House of the People Bicameral","",NA,"","","","","",NA,"","","","","IPU40.2","31936","","",""
"126","house of the people bicameral-IPU-Percentage.of.women","IPU","House of the People Bicameral","Percentage.of.women","House of the People Bicameral","155-IPU-Percentage.of.women","Percentage of women","Percentage of women","%",4.749,"Checks and Balances","Legislative System","Other","House of the People Bicameral","",NA,"","","","","",NA,"","","","","IPU40.3","IPU40","","",""
"127","islamic parliament of iran unicameral-IPU-Number.of.seats","IPU","Islamic Parliament of Iran Unicameral","Number.of.seats","Islamic Parliament of Iran Unicameral","42-IPU-Number.of.seats",NA,NA,NA,NA,NA,NA,NA,NA,NA,NA,NA,NA,NA,NA,NA,NA,NA,NA,NA,NA,NA,NA,"","",""
"128","islamic parliament of iran unicameral-IPU-Number.of.women.parliamentarians","IPU","Islamic Parliament of Iran Unicameral","Number.of.women.parliamentarians","Islamic Parliament of Iran Unicameral","119-IPU-Number.of.women.parliamentarians",NA,NA,NA,NA,NA,NA,NA,NA,NA,NA,NA,NA,NA,NA,NA,NA,NA,NA,NA,NA,NA,NA,"","",""
"129","islamic parliament of iran unicameral-IPU-Percentage.of.women","IPU","Islamic Parliament of Iran Unicameral","Percentage.of.women","Islamic Parliament of Iran Unicameral","196-IPU-Percentage.of.women",NA,NA,NA,NA,NA,NA,NA,NA,NA,NA,NA,NA,NA,NA,NA,NA,NA,NA,NA,NA,NA,NA,"","",""
"130","legislative assembly unicameral-IPU-Number.of.seats","IPU","Legislative Assembly Unicameral","Number.of.seats","Legislative Assembly Unicameral","25-IPU-Number.of.seats","Number of seats","Number of seats","Value",5.185,"Checks and Balances","Legislative System","Other","Legislative Assembly Unicameral","",NA,"","","","","",NA,"","","","","IPU42.1","31941","","",""
"131","legislative assembly unicameral-IPU-Number.of.women.parliamentarians","IPU","Legislative Assembly Unicameral","Number.of.women.parliamentarians","Legislative Assembly Unicameral","102-IPU-Number.of.women.parliamentarians","Number of women parliamentarians","Number of women parliamentarians","Value",5.185,"Checks and Balances","Legislative System","Other","Legislative Assembly Unicameral","",NA,"","","","","",NA,"","","","","IPU42.2","31942","","",""
"132","legislative assembly unicameral-IPU-Percentage.of.women","IPU","Legislative Assembly Unicameral","Percentage.of.women","Legislative Assembly Unicameral","179-IPU-Percentage.of.women","Percentage of women","Percentage of women","%",5.185,"Checks and Balances","Legislative System","Other","Legislative Assembly Unicameral","",NA,"","","","","",NA,"","","","","IPU42.3","IPU42","","",""
"133","legislative chamber bicameral-IPU-Number.of.seats","IPU","Legislative Chamber Bicameral","Number.of.seats","Legislative Chamber Bicameral","77-IPU-Number.of.seats","Number of seats","Number of seats","Value",4.42,"Checks and Balances","Legislative System","Other","Legislative Chamber Bicameral","",NA,"","","","","",NA,"","","","","IPU43.1","31944","","",""
"134","legislative chamber bicameral-IPU-Number.of.women.parliamentarians","IPU","Legislative Chamber Bicameral","Number.of.women.parliamentarians","Legislative Chamber Bicameral","154-IPU-Number.of.women.parliamentarians","Number of women parliamentarians","Number of women parliamentarians","Value",4.42,"Checks and Balances","Legislative System","Other","Legislative Chamber Bicameral","",NA,"","","","","",NA,"","","","","IPU43.2","31945","","",""
"135","legislative chamber bicameral-IPU-Percentage.of.women","IPU","Legislative Chamber Bicameral","Percentage.of.women","Legislative Chamber Bicameral","231-IPU-Percentage.of.women","Percentage of women","Percentage of women","%",4.42,"Checks and Balances","Legislative System","Other","Legislative Chamber Bicameral","",NA,"","","","","",NA,"","","","","IPU43.3","IPU43","","",""
"136","legislative council unicameral-IPU-Number.of.seats","IPU","Legislative Council Unicameral","Number.of.seats","Legislative Council Unicameral","21-IPU-Number.of.seats","Number of seats","Number of seats","Value",4.426,"Checks and Balances","Legislative System","Other","Legislative Council Unicameral","",NA,"","","","","",NA,"","","","","IPU44.1","31947","","",""
"137","legislative council unicameral-IPU-Number.of.women.parliamentarians","IPU","Legislative Council Unicameral","Number.of.women.parliamentarians","Legislative Council Unicameral","98-IPU-Number.of.women.parliamentarians","Number of women parliamentarians","Number of women parliamentarians","Value",4.426,"Checks and Balances","Legislative System","Other","Legislative Council Unicameral","",NA,"","","","","",NA,"","","","","IPU44.2","31948","","",""
"138","legislative council unicameral-IPU-Percentage.of.women","IPU","Legislative Council Unicameral","Percentage.of.women","Legislative Council Unicameral","175-IPU-Percentage.of.women","Percentage of women","Percentage of women","%",4.426,"Checks and Balances","Legislative System","Other","Legislative Council Unicameral","",NA,"","","","","",NA,"","","","","IPU44.3","IPU44","","",""
"139","national assembly bicameral-IPU-Number.of.seats","IPU","National Assembly Bicameral","Number.of.seats","National Assembly Bicameral","17-IPU-Number.of.seats","Number of seats","Number of seats","Value",4.222,"Checks and Balances","Legislative System","Other","National Assembly Bicameral","",NA,"","","","","",NA,"","","","","IPU46.1","31953","","",""
"140","national assembly bicameral-IPU-Number.of.women.parliamentarians","IPU","National Assembly Bicameral","Number.of.women.parliamentarians","National Assembly Bicameral","94-IPU-Number.of.women.parliamentarians","Number of women parliamentarians","Number of women parliamentarians","Value",4.222,"Checks and Balances","Legislative System","Other","National Assembly Bicameral","",NA,"","","","","",NA,"","","","","IPU46.2","31954","","",""
"141","national assembly bicameral-IPU-Percentage.of.women","IPU","National Assembly Bicameral","Percentage.of.women","National Assembly Bicameral","171-IPU-Percentage.of.women","Percentage of women","Percentage of women","%",4.222,"Checks and Balances","Legislative System","Other","National Assembly Bicameral","",NA,"","","","","",NA,"","","","","IPU46.3","IPU46","","",""
"142","national assembly of the peoples power unicameral-IPU-Number.of.seats","IPU","National Assembly of the People's Power Unicameral","Number.of.seats","National Assembly of the People's Power Unicameral","27-IPU-Number.of.seats","Number of seats","Number of seats","Value",4.759,"Checks and Balances","Legislative System","Other","National Assembly of the Peoples Power Unicameral","",NA,"","","","","",NA,"","","","","IPU48.1","31959","","",""
"143","national assembly of the peoples power unicameral-IPU-Number.of.women.parliamentarians","IPU","National Assembly of the People's Power Unicameral","Number.of.women.parliamentarians","National Assembly of the People's Power Unicameral","104-IPU-Number.of.women.parliamentarians","Number of women parliamentarians","Number of women parliamentarians","Value",4.759,"Checks and Balances","Legislative System","Other","National Assembly of the Peoples Power Unicameral","",NA,"","","","","",NA,"","","","","IPU48.2","31960","","",""
"144","national assembly of the peoples power unicameral-IPU-Percentage.of.women","IPU","National Assembly of the People's Power Unicameral","Percentage.of.women","National Assembly of the People's Power Unicameral","181-IPU-Percentage.of.women","Percentage of women","Percentage of women","%",4.759,"Checks and Balances","Legislative System","Other","National Assembly of the Peoples Power Unicameral","",NA,"","","","","",NA,"","","","","IPU48.3","IPU48","","",""
"145","national assembly unicameral-IPU-Number.of.seats","IPU","National Assembly Unicameral","Number.of.seats","National Assembly Unicameral","7-IPU-Number.of.seats","Number of seats","Number of seats","Value",4.381,"Checks and Balances","Legislative System","Other","National Assembly Unicameral","",NA,"","","","","",NA,"","","","","IPU47.1","31956","","",""
"146","national assembly unicameral-IPU-Number.of.women.parliamentarians","IPU","National Assembly Unicameral","Number.of.women.parliamentarians","National Assembly Unicameral","84-IPU-Number.of.women.parliamentarians","Number of women parliamentarians","Number of women parliamentarians","Value",4.381,"Checks and Balances","Legislative System","Other","National Assembly Unicameral","",NA,"","","","","",NA,"","","","","IPU47.2","31957","","",""
"147","national assembly unicameral-IPU-Percentage.of.women","IPU","National Assembly Unicameral","Percentage.of.women","National Assembly Unicameral","161-IPU-Percentage.of.women","Percentage of women","Percentage of women","%",4.381,"Checks and Balances","Legislative System","Other","National Assembly Unicameral","",NA,"","","","","",NA,"","","","","IPU47.3","IPU47","","",""
"148","national congress unicameral-IPU-Number.of.seats","IPU","National Congress Unicameral","Number.of.seats","National Congress Unicameral","40-IPU-Number.of.seats","Number of seats","Number of seats","Value",4.107,"Checks and Balances","Legislative System","Other","National Congress Unicameral","",NA,"","","","","",NA,"","","","","IPU49.1","31962","","",""
"149","national congress unicameral-IPU-Number.of.women.parliamentarians","IPU","National Congress Unicameral","Number.of.women.parliamentarians","National Congress Unicameral","117-IPU-Number.of.women.parliamentarians","Number of women parliamentarians","Number of women parliamentarians","Value",4.107,"Checks and Balances","Legislative System","Other","National Congress Unicameral","",NA,"","","","","",NA,"","","","","IPU49.2","31963","","",""
"150","national congress unicameral-IPU-Percentage.of.women","IPU","National Congress Unicameral","Percentage.of.women","National Congress Unicameral","194-IPU-Percentage.of.women","Percentage of women","Percentage of women","%",4.107,"Checks and Balances","Legislative System","Other","National Congress Unicameral","",NA,"","","","","",NA,"","","","","IPU49.3","IPU49","","",""
"151","national council bicameral-IPU-Number.of.seats","IPU","National Council Bicameral","Number.of.seats","National Council Bicameral","11-IPU-Number.of.seats","Number of seats","Number of seats","Value",4.019,"Checks and Balances","Legislative System","Other","National Council Bicameral","",NA,"","","","","",NA,"","","","","IPU50.1","31968","","",""
"152","national council bicameral-IPU-Number.of.women.parliamentarians","IPU","National Council Bicameral","Number.of.women.parliamentarians","National Council Bicameral","88-IPU-Number.of.women.parliamentarians","Number of women parliamentarians","Number of women parliamentarians","Value",4.019,"Checks and Balances","Legislative System","Other","National Council Bicameral","",NA,"","","","","",NA,"","","","","IPU50.2","31969","","",""
"153","national council bicameral-IPU-Percentage.of.women","IPU","National Council Bicameral","Percentage.of.women","National Council Bicameral","165-IPU-Percentage.of.women","Percentage of women","Percentage of women","%",4.019,"Checks and Balances","Legislative System","Other","National Council Bicameral","",NA,"","","","","",NA,"","","","","IPU50.3","IPU50","","",""
"154","national council of provinces bicameral-IPU-Number.of.seats","IPU","National Council of Provinces Bicameral","Number.of.seats","National Council of Provinces Bicameral","66-IPU-Number.of.seats","Number of seats","Number of seats","Value",4.028,"Checks and Balances","Legislative System","Other","National Council of Provinces Bicameral","",NA,"","","","","",NA,"","","","","IPU52.1","31974","","",""
"155","national council of provinces bicameral-IPU-Number.of.women.parliamentarians","IPU","National Council of Provinces Bicameral","Number.of.women.parliamentarians","National Council of Provinces Bicameral","143-IPU-Number.of.women.parliamentarians","Number of women parliamentarians","Number of women parliamentarians","Value",4.028,"Checks and Balances","Legislative System","Other","National Council of Provinces Bicameral","",NA,"","","","","",NA,"","","","","IPU52.2","31975","","",""
"156","national council of provinces bicameral-IPU-Percentage.of.women","IPU","National Council of Provinces Bicameral","Percentage.of.women","National Council of Provinces Bicameral","220-IPU-Percentage.of.women","Percentage of women","Percentage of women","%",4.028,"Checks and Balances","Legislative System","Other","National Council of Provinces Bicameral","",NA,"","","","","",NA,"","","","","IPU52.3","IPU52","","",""
"157","national council unicameral-IPU-Number.of.seats","IPU","National Council Unicameral","Number.of.seats","National Council Unicameral","51-IPU-Number.of.seats","Number of seats","Number of seats","Value",4.695,"Checks and Balances","Legislative System","Other","National Council Unicameral","",NA,"","","","","",NA,"","","","","IPU51.1","31971","","",""
"158","national council unicameral-IPU-Number.of.women.parliamentarians","IPU","National Council Unicameral","Number.of.women.parliamentarians","National Council Unicameral","128-IPU-Number.of.women.parliamentarians","Number of women parliamentarians","Number of women parliamentarians","Value",4.695,"Checks and Balances","Legislative System","Other","National Council Unicameral","",NA,"","","","","",NA,"","","","","IPU51.2","31972","","",""
"159","national council unicameral-IPU-Percentage.of.women","IPU","National Council Unicameral","Percentage.of.women","National Council Unicameral","205-IPU-Percentage.of.women","Percentage of women","Percentage of women","%",4.695,"Checks and Balances","Legislative System","Other","National Council Unicameral","",NA,"","","","","",NA,"","","","","IPU51.3","IPU51","","",""
"160","national legislative assembly unicameral-IPU-Number.of.seats","IPU","National Legislative Assembly Unicameral","Number.of.seats","National Legislative Assembly Unicameral","70-IPU-Number.of.seats","Number of seats","Number of seats","Value",4.308,"Checks and Balances","Legislative System","Other","National Legislative Assembly Unicameral","",NA,"","","","","",NA,"","","","","IPU53.1","31977","","",""
"161","national legislative assembly unicameral-IPU-Number.of.women.parliamentarians","IPU","National Legislative Assembly Unicameral","Number.of.women.parliamentarians","National Legislative Assembly Unicameral","147-IPU-Number.of.women.parliamentarians","Number of women parliamentarians","Number of women parliamentarians","Value",4.308,"Checks and Balances","Legislative System","Other","National Legislative Assembly Unicameral","",NA,"","","","","",NA,"","","","","IPU53.2","31978","","",""
"162","national legislative assembly unicameral-IPU-Percentage.of.women","IPU","National Legislative Assembly Unicameral","Percentage.of.women","National Legislative Assembly Unicameral","224-IPU-Percentage.of.women","Percentage of women","Percentage of women","%",4.308,"Checks and Balances","Legislative System","Other","National Legislative Assembly Unicameral","",NA,"","","","","",NA,"","","","","IPU53.3","IPU53","","",""
"163","national parliament unicameral-IPU-Number.of.seats","IPU","National Parliament Unicameral","Number.of.seats","National Parliament Unicameral","58-IPU-Number.of.seats","Number of seats","Number of seats","Value",4.817,"Checks and Balances","Legislative System","Other","National Parliament Unicameral","",NA,"","","","","",NA,"","","","","IPU54.1","31980","","",""
"164","national parliament unicameral-IPU-Number.of.women.parliamentarians","IPU","National Parliament Unicameral","Number.of.women.parliamentarians","National Parliament Unicameral","135-IPU-Number.of.women.parliamentarians","Number of women parliamentarians","Number of women parliamentarians","Value",4.817,"Checks and Balances","Legislative System","Other","National Parliament Unicameral","",NA,"","","","","",NA,"","","","","IPU54.2","31981","","",""
"165","national parliament unicameral-IPU-Percentage.of.women","IPU","National Parliament Unicameral","Percentage.of.women","National Parliament Unicameral","212-IPU-Percentage.of.women","Percentage of women","Percentage of women","%",4.817,"Checks and Balances","Legislative System","Other","National Parliament Unicameral","",NA,"","","","","",NA,"","","","","IPU54.3","IPU54","","",""
"166","national peoples assembly bicameral-IPU-Number.of.seats","IPU","National People's Assembly Bicameral","Number.of.seats","National People's Assembly Bicameral","4-IPU-Number.of.seats","Number of seats","Number of seats","Value",4.999,"Checks and Balances","Legislative System","Other","National Peoples Assembly Bicameral","",NA,"","","","","",NA,"","","","","IPU55.1","31983","","",""
"167","national peoples assembly bicameral-IPU-Number.of.women.parliamentarians","IPU","National People's Assembly Bicameral","Number.of.women.parliamentarians","National People's Assembly Bicameral","81-IPU-Number.of.women.parliamentarians","Number of women parliamentarians","Number of women parliamentarians","Value",4.999,"Checks and Balances","Legislative System","Other","National Peoples Assembly Bicameral","",NA,"","","","","",NA,"","","","","IPU55.2","31984","","",""
"168","national peoples assembly bicameral-IPU-Percentage.of.women","IPU","National People's Assembly Bicameral","Percentage.of.women","National People's Assembly Bicameral","158-IPU-Percentage.of.women","Percentage of women","Percentage of women","%",4.999,"Checks and Balances","Legislative System","Other","National Peoples Assembly Bicameral","",NA,"","","","","",NA,"","","","","IPU55.3","IPU55","","",""
"169","national peoples congress unicameral-IPU-Number.of.seats","IPU","National People's Congress Unicameral","Number.of.seats","National People's Congress Unicameral","23-IPU-Number.of.seats","Number of seats","Number of seats","Value",4.889,"Checks and Balances","Legislative System","Other","National Peoples Congress Unicameral","",NA,"","","","","",NA,"","","","","IPU56.1","31986","","",""
"170","national peoples congress unicameral-IPU-Number.of.women.parliamentarians","IPU","National People's Congress Unicameral","Number.of.women.parliamentarians","National People's Congress Unicameral","100-IPU-Number.of.women.parliamentarians","Number of women parliamentarians","Number of women parliamentarians","Value",4.889,"Checks and Balances","Legislative System","Other","National Peoples Congress Unicameral","",NA,"","","","","",NA,"","","","","IPU56.2","31987","","",""
"171","national peoples congress unicameral-IPU-Percentage.of.women","IPU","National People's Congress Unicameral","Percentage.of.women","National People's Congress Unicameral","177-IPU-Percentage.of.women","Percentage of women","Percentage of women","%",4.889,"Checks and Balances","Legislative System","Other","National Peoples Congress Unicameral","",NA,"","","","","",NA,"","","","","IPU56.3","IPU56","","",""
"172","parliament of the co-operative republic of guyana unicameral-IPU-Number.of.seats","IPU","Parliament of the Co-operative Republic of Guyana Unicameral","Number.of.seats","Parliament of the Co-operative Republic of Guyana Unicameral","39-IPU-Number.of.seats",NA,NA,NA,NA,NA,NA,NA,NA,NA,NA,NA,NA,NA,NA,NA,NA,NA,NA,NA,NA,NA,NA,"","",""
"173","parliament of the co-operative republic of guyana unicameral-IPU-Number.of.women.parliamentarians","IPU","Parliament of the Co-operative Republic of Guyana Unicameral","Number.of.women.parliamentarians","Parliament of the Co-operative Republic of Guyana Unicameral","116-IPU-Number.of.women.parliamentarians",NA,NA,NA,NA,NA,NA,NA,NA,NA,NA,NA,NA,NA,NA,NA,NA,NA,NA,NA,NA,NA,NA,"","",""
"174","parliament of the co-operative republic of guyana unicameral-IPU-Percentage.of.women","IPU","Parliament of the Co-operative Republic of Guyana Unicameral","Percentage.of.women","Parliament of the Co-operative Republic of Guyana Unicameral","193-IPU-Percentage.of.women",NA,NA,NA,NA,NA,NA,NA,NA,NA,NA,NA,NA,NA,NA,NA,NA,NA,NA,NA,NA,NA,NA,"","",""
"175","parliament of tuvalu unicameral-IPU-Number.of.seats","IPU","Parliament of Tuvalu Unicameral","Number.of.seats","Parliament of Tuvalu Unicameral","74-IPU-Number.of.seats","Number of seats","Number of seats","Value",4.161,"Checks and Balances","Legislative System","Other","Parliament of Tuvalu Unicameral","",NA,"","","","","",NA,"","","","","IPU58.1","31992","","",""
"176","parliament of tuvalu unicameral-IPU-Number.of.women.parliamentarians","IPU","Parliament of Tuvalu Unicameral","Number.of.women.parliamentarians","Parliament of Tuvalu Unicameral","151-IPU-Number.of.women.parliamentarians","Number of women parliamentarians","Number of women parliamentarians","Value",4.161,"Checks and Balances","Legislative System","Other","Parliament of Tuvalu Unicameral","",NA,"","","","","",NA,"","","","","IPU58.2","31993","","",""
"177","parliament of tuvalu unicameral-IPU-Percentage.of.women","IPU","Parliament of Tuvalu Unicameral","Percentage.of.women","Parliament of Tuvalu Unicameral","228-IPU-Percentage.of.women","Percentage of women","Percentage of women","%",4.161,"Checks and Balances","Legislative System","Other","Parliament of Tuvalu Unicameral","",NA,"","","","","",NA,"","","","","IPU58.3","IPU58","","",""
"178","parliament unicameral-IPU-Number.of.seats","IPU","Parliament Unicameral","Number.of.seats","Parliament Unicameral","3-IPU-Number.of.seats","Number of seats","Number of seats","Value",4.702,"Checks and Balances","Legislative System","Other","Parliament Unicameral","",NA,"","","","","",NA,"","","","","IPU57.1","31989","","",""
"179","parliament unicameral-IPU-Number.of.women.parliamentarians","IPU","Parliament Unicameral","Number.of.women.parliamentarians","Parliament Unicameral","80-IPU-Number.of.women.parliamentarians","Number of women parliamentarians","Number of women parliamentarians","Value",4.702,"Checks and Balances","Legislative System","Other","Parliament Unicameral","",NA,"","","","","",NA,"","","","","IPU57.2","31990","","",""
"180","parliament unicameral-IPU-Percentage.of.women","IPU","Parliament Unicameral","Percentage.of.women","Parliament Unicameral","157-IPU-Percentage.of.women","Percentage of women","Percentage of women","%",4.702,"Checks and Balances","Legislative System","Other","Parliament Unicameral","",NA,"","","","","",NA,"","","","","IPU57.3","IPU57","","",""
"181","peoples assembly unicameral-IPU-Number.of.seats","IPU","People's Assembly Unicameral","Number.of.seats","People's Assembly Unicameral","69-IPU-Number.of.seats","Number of seats","Number of seats","Value",4.51,"Checks and Balances","Legislative System","Other","Peoples Assembly Unicameral","",NA,"","","","","",NA,"","","","","IPU60.1","32001","","",""
"182","peoples assembly unicameral-IPU-Number.of.women.parliamentarians","IPU","People's Assembly Unicameral","Number.of.women.parliamentarians","People's Assembly Unicameral","146-IPU-Number.of.women.parliamentarians","Number of women parliamentarians","Number of women parliamentarians","Value",4.51,"Checks and Balances","Legislative System","Other","Peoples Assembly Unicameral","",NA,"","","","","",NA,"","","","","IPU60.2","32002","","",""
"183","peoples assembly unicameral-IPU-Percentage.of.women","IPU","People's Assembly Unicameral","Percentage.of.women","People's Assembly Unicameral","223-IPU-Percentage.of.women","Percentage of women","Percentage of women","%",4.51,"Checks and Balances","Legislative System","Other","Peoples Assembly Unicameral","",NA,"","","","","",NA,"","","","","IPU60.3","IPU60","","",""
"184","peoples majlis unicameral-IPU-Number.of.seats","IPU","People's Majlis Unicameral","Number.of.seats","People's Majlis Unicameral","49-IPU-Number.of.seats","Number of seats","Number of seats","Value",4.382,"Checks and Balances","Legislative System","Other","Peoples Majlis Unicameral","",NA,"","","","","",NA,"","","","","IPU61.1","32004","","",""
"185","peoples majlis unicameral-IPU-Number.of.women.parliamentarians","IPU","People's Majlis Unicameral","Number.of.women.parliamentarians","People's Majlis Unicameral","126-IPU-Number.of.women.parliamentarians","Number of women parliamentarians","Number of women parliamentarians","Value",4.382,"Checks and Balances","Legislative System","Other","Peoples Majlis Unicameral","",NA,"","","","","",NA,"","","","","IPU61.2","32005","","",""
"186","peoples majlis unicameral-IPU-Percentage.of.women","IPU","People's Majlis Unicameral","Percentage.of.women","People's Majlis Unicameral","203-IPU-Percentage.of.women","Percentage of women","Percentage of women","%",4.382,"Checks and Balances","Legislative System","Other","Peoples Majlis Unicameral","",NA,"","","","","",NA,"","","","","IPU61.3","IPU61","","",""
"187","peoples national assembly unicameral-IPU-Number.of.seats","IPU","People's National Assembly Unicameral","Number.of.seats","People's National Assembly Unicameral","38-IPU-Number.of.seats","Number of seats","Number of seats","Value",4.135,"Checks and Balances","Legislative System","Other","Peoples National Assembly Unicameral","",NA,"","","","","",NA,"","","","","IPU62.1","32007","","",""
"188","peoples national assembly unicameral-IPU-Number.of.women.parliamentarians","IPU","People's National Assembly Unicameral","Number.of.women.parliamentarians","People's National Assembly Unicameral","115-IPU-Number.of.women.parliamentarians","Number of women parliamentarians","Number of women parliamentarians","Value",4.135,"Checks and Balances","Legislative System","Other","Peoples National Assembly Unicameral","",NA,"","","","","",NA,"","","","","IPU62.2","32008","","",""
"189","peoples national assembly unicameral-IPU-Percentage.of.women","IPU","People's National Assembly Unicameral","Percentage.of.women","People's National Assembly Unicameral","192-IPU-Percentage.of.women","Percentage of women","Percentage of women","%",4.135,"Checks and Balances","Legislative System","Other","Peoples National Assembly Unicameral","",NA,"","","","","",NA,"","","","","IPU62.3","IPU62","","",""
"190","sejm bicameral-IPU-Number.of.seats","IPU","Sejm Bicameral","Number.of.seats","Sejm Bicameral","59-IPU-Number.of.seats","Number of seats","Number of seats","Value",4.595,"Checks and Balances","Legislative System","Other","Sejm Bicameral","",NA,"","","","","",NA,"","","","","IPU63.1","32010","","",""
"191","sejm bicameral-IPU-Number.of.women.parliamentarians","IPU","Sejm Bicameral","Number.of.women.parliamentarians","Sejm Bicameral","136-IPU-Number.of.women.parliamentarians","Number of women parliamentarians","Number of women parliamentarians","Value",4.595,"Checks and Balances","Legislative System","Other","Sejm Bicameral","",NA,"","","","","",NA,"","","","","IPU63.2","32011","","",""
"192","sejm bicameral-IPU-Percentage.of.women","IPU","Sejm Bicameral","Percentage.of.women","Sejm Bicameral","213-IPU-Percentage.of.women","Percentage of women","Percentage of women","%",4.595,"Checks and Balances","Legislative System","Other","Sejm Bicameral","",NA,"","","","","",NA,"","","","","IPU63.3","IPU63","","",""
"193","senate bicameral-IPU-Number.of.seats","IPU","Senate Bicameral","Number.of.seats","Senate Bicameral","9-IPU-Number.of.seats","Number of seats","Number of seats","Value",4.472,"Checks and Balances","Legislative System","Other","Senate Bicameral","",NA,"","","","","",NA,"","","","","IPU64.1","32013","","",""
"194","senate bicameral-IPU-Number.of.women.parliamentarians","IPU","Senate Bicameral","Number.of.women.parliamentarians","Senate Bicameral","86-IPU-Number.of.women.parliamentarians","Number of women parliamentarians","Number of women parliamentarians","Value",4.472,"Checks and Balances","Legislative System","Other","Senate Bicameral","",NA,"","","","","",NA,"","","","","IPU64.2","32014","","",""
"195","senate bicameral-IPU-Percentage.of.women","IPU","Senate Bicameral","Percentage.of.women","Senate Bicameral","163-IPU-Percentage.of.women","Percentage of women","Percentage of women","%",4.472,"Checks and Balances","Legislative System","Other","Senate Bicameral","",NA,"","","","","",NA,"","","","","IPU64.3","IPU64","","",""
"196","shura council bicameral-IPU-Number.of.seats","IPU","Shura Council Bicameral","Number.of.seats","Shura Council Bicameral","15-IPU-Number.of.seats","Number of seats","Number of seats","Value",4.798,"Checks and Balances","Legislative System","Other","Shura Council Bicameral","",NA,"","","","","",NA,"","","","","IPU65.1","32016","","",""
"197","shura council bicameral-IPU-Number.of.women.parliamentarians","IPU","Shura Council Bicameral","Number.of.women.parliamentarians","Shura Council Bicameral","92-IPU-Number.of.women.parliamentarians","Number of women parliamentarians","Number of women parliamentarians","Value",4.798,"Checks and Balances","Legislative System","Other","Shura Council Bicameral","",NA,"","","","","",NA,"","","","","IPU65.2","32017","","",""
"198","shura council bicameral-IPU-Percentage.of.women","IPU","Shura Council Bicameral","Percentage.of.women","Shura Council Bicameral","169-IPU-Percentage.of.women","Percentage of women","Percentage of women","%",4.798,"Checks and Balances","Legislative System","Other","Shura Council Bicameral","",NA,"","","","","",NA,"","","","","IPU65.3","IPU65","","",""
"199","shura council unicameral-IPU-Number.of.seats","IPU","Shura Council Unicameral","Number.of.seats","Shura Council Unicameral","64-IPU-Number.of.seats","Number of seats","Number of seats","Value",4.015,"Checks and Balances","Legislative System","Other","Shura Council Unicameral","",NA,"","","","","",NA,"","","","","IPU66.1","32019","","",""
"200","shura council unicameral-IPU-Number.of.women.parliamentarians","IPU","Shura Council Unicameral","Number.of.women.parliamentarians","Shura Council Unicameral","141-IPU-Number.of.women.parliamentarians","Number of women parliamentarians","Number of women parliamentarians","Value",4.015,"Checks and Balances","Legislative System","Other","Shura Council Unicameral","",NA,"","","","","",NA,"","","","","IPU66.2","32020","","",""
"201","shura council unicameral-IPU-Percentage.of.women","IPU","Shura Council Unicameral","Percentage.of.women","Shura Council Unicameral","218-IPU-Percentage.of.women","Percentage of women","Percentage of women","%",4.015,"Checks and Balances","Legislative System","Other","Shura Council Unicameral","",NA,"","","","","",NA,"","","","","IPU66.3","IPU66","","",""
"202","state council bicameral-IPU-Number.of.seats","IPU","State Council Bicameral","Number.of.seats","State Council Bicameral","56-IPU-Number.of.seats","Number of seats","Number of seats","Value",4.252,"Checks and Balances","Legislative System","Other","State Council Bicameral","",NA,"","","","","",NA,"","","","","IPU67.1","32022","","",""
"203","state council bicameral-IPU-Number.of.women.parliamentarians","IPU","State Council Bicameral","Number.of.women.parliamentarians","State Council Bicameral","133-IPU-Number.of.women.parliamentarians","Number of women parliamentarians","Number of women parliamentarians","Value",4.252,"Checks and Balances","Legislative System","Other","State Council Bicameral","",NA,"","","","","",NA,"","","","","IPU67.2","32023","","",""
"204","state council bicameral-IPU-Percentage.of.women","IPU","State Council Bicameral","Percentage.of.women","State Council Bicameral","210-IPU-Percentage.of.women","Percentage of women","Percentage of women","%",4.252,"Checks and Balances","Legislative System","Other","State Council Bicameral","",NA,"","","","","",NA,"","","","","IPU67.3","IPU67","","",""
"205","state duma bicameral-IPU-Number.of.seats","IPU","State Duma Bicameral","Number.of.seats","State Duma Bicameral","61-IPU-Number.of.seats","Number of seats","Number of seats","Value",4.027,"Checks and Balances","Legislative System","Other","State Duma Bicameral","",NA,"","","","","",NA,"","","","","IPU68.1","32025","","",""
"206","state duma bicameral-IPU-Number.of.women.parliamentarians","IPU","State Duma Bicameral","Number.of.women.parliamentarians","State Duma Bicameral","138-IPU-Number.of.women.parliamentarians","Number of women parliamentarians","Number of women parliamentarians","Value",4.027,"Checks and Balances","Legislative System","Other","State Duma Bicameral","",NA,"","","","","",NA,"","","","","IPU68.2","32026","","",""
"207","state duma bicameral-IPU-Percentage.of.women","IPU","State Duma Bicameral","Percentage.of.women","State Duma Bicameral","215-IPU-Percentage.of.women","Percentage of women","Percentage of women","%",4.027,"Checks and Balances","Legislative System","Other","State Duma Bicameral","",NA,"","","","","",NA,"","","","","IPU68.3","IPU68","","",""
"208","state great hural unicameral-IPU-Number.of.seats","IPU","State Great Hural Unicameral","Number.of.seats","State Great Hural Unicameral","52-IPU-Number.of.seats","Number of seats","Number of seats","Value",4.068,"Checks and Balances","Legislative System","Other","State Great Hural Unicameral","",NA,"","","","","",NA,"","","","","IPU69.1","32028","","",""
"209","state great hural unicameral-IPU-Number.of.women.parliamentarians","IPU","State Great Hural Unicameral","Number.of.women.parliamentarians","State Great Hural Unicameral","129-IPU-Number.of.women.parliamentarians","Number of women parliamentarians","Number of women parliamentarians","Value",4.068,"Checks and Balances","Legislative System","Other","State Great Hural Unicameral","",NA,"","","","","",NA,"","","","","IPU69.2","32029","","",""
"210","state great hural unicameral-IPU-Percentage.of.women","IPU","State Great Hural Unicameral","Percentage.of.women","State Great Hural Unicameral","206-IPU-Percentage.of.women","Percentage of women","Percentage of women","%",4.068,"Checks and Balances","Legislative System","Other","State Great Hural Unicameral","",NA,"","","","","",NA,"","","","","IPU69.3","IPU69","","",""
"211","supreme council unicameral-IPU-Number.of.seats","IPU","Supreme Council Unicameral","Number.of.seats","Supreme Council Unicameral","45-IPU-Number.of.seats","Number of seats","Number of seats","Value",4.355,"Checks and Balances","Legislative System","Other","Supreme Council Unicameral","",NA,"","","","","",NA,"","","","","IPU70.1","32034","","",""
"212","supreme council unicameral-IPU-Number.of.women.parliamentarians","IPU","Supreme Council Unicameral","Number.of.women.parliamentarians","Supreme Council Unicameral","122-IPU-Number.of.women.parliamentarians","Number of women parliamentarians","Number of women parliamentarians","Value",4.355,"Checks and Balances","Legislative System","Other","Supreme Council Unicameral","",NA,"","","","","",NA,"","","","","IPU70.2","32035","","",""
"213","supreme council unicameral-IPU-Percentage.of.women","IPU","Supreme Council Unicameral","Percentage.of.women","Supreme Council Unicameral","199-IPU-Percentage.of.women","Percentage of women","Percentage of women","%",4.355,"Checks and Balances","Legislative System","Other","Supreme Council Unicameral","",NA,"","","","","",NA,"","","","","IPU70.3","IPU70","","",""
"214","supreme peoples assembly unicameral-IPU-Number.of.seats","IPU","Supreme People's Assembly Unicameral","Number.of.seats","Supreme People's Assembly Unicameral","29-IPU-Number.of.seats",NA,NA,NA,NA,NA,NA,NA,NA,NA,NA,NA,NA,NA,NA,NA,NA,NA,NA,NA,NA,NA,NA,"","",""
"215","supreme peoples assembly unicameral-IPU-Number.of.women.parliamentarians","IPU","Supreme People's Assembly Unicameral","Number.of.women.parliamentarians","Supreme People's Assembly Unicameral","106-IPU-Number.of.women.parliamentarians",NA,NA,NA,NA,NA,NA,NA,NA,NA,NA,NA,NA,NA,NA,NA,NA,NA,NA,NA,NA,NA,NA,"","",""
"216","supreme peoples assembly unicameral-IPU-Percentage.of.women","IPU","Supreme People's Assembly Unicameral","Percentage.of.women","Supreme People's Assembly Unicameral","183-IPU-Percentage.of.women",NA,NA,NA,NA,NA,NA,NA,NA,NA,NA,NA,NA,NA,NA,NA,NA,NA,NA,NA,NA,NA,NA,"","",""
"217","the danish parliament unicameral-IPU-Number.of.seats","IPU","The Danish Parliament Unicameral","Number.of.seats","The Danish Parliament Unicameral","30-IPU-Number.of.seats","Number of seats","Number of seats","Value",4.025,"Checks and Balances","Legislative System","Other","The Danish Parliament Unicameral","",NA,"","","","","",NA,"","","","","IPU71.1","32037","","",""
"218","the danish parliament unicameral-IPU-Number.of.women.parliamentarians","IPU","The Danish Parliament Unicameral","Number.of.women.parliamentarians","The Danish Parliament Unicameral","107-IPU-Number.of.women.parliamentarians","Number of women parliamentarians","Number of women parliamentarians","Value",4.025,"Checks and Balances","Legislative System","Other","The Danish Parliament Unicameral","",NA,"","","","","",NA,"","","","","IPU71.2","32038","","",""
"219","the danish parliament unicameral-IPU-Percentage.of.women","IPU","The Danish Parliament Unicameral","Percentage.of.women","The Danish Parliament Unicameral","184-IPU-Percentage.of.women","Percentage of women","Percentage of women","%",4.025,"Checks and Balances","Legislative System","Other","The Danish Parliament Unicameral","",NA,"","","","","",NA,"","","","","IPU71.3","IPU71","","",""
"220","the estonian parliament unicameral-IPU-Number.of.seats","IPU","The Estonian Parliament Unicameral","Number.of.seats","The Estonian Parliament Unicameral","32-IPU-Number.of.seats","Number of seats","Number of seats","Value",5.011,"Checks and Balances","Legislative System","Other","The Estonian Parliament Unicameral","",NA,"","","","","",NA,"","","","","IPU72.1","32040","","",""
"221","the estonian parliament unicameral-IPU-Number.of.women.parliamentarians","IPU","The Estonian Parliament Unicameral","Number.of.women.parliamentarians","The Estonian Parliament Unicameral","109-IPU-Number.of.women.parliamentarians","Number of women parliamentarians","Number of women parliamentarians","Value",5.011,"Checks and Balances","Legislative System","Other","The Estonian Parliament Unicameral","",NA,"","","","","",NA,"","","","","IPU72.2","32041","","",""
"222","the estonian parliament unicameral-IPU-Percentage.of.women","IPU","The Estonian Parliament Unicameral","Percentage.of.women","The Estonian Parliament Unicameral","186-IPU-Percentage.of.women","Percentage of women","Percentage of women","%",5.011,"Checks and Balances","Legislative System","Other","The Estonian Parliament Unicameral","",NA,"","","","","",NA,"","","","","IPU72.3","IPU72","","",""
"223","the liberian senate bicameral-IPU-Number.of.seats","IPU","The Liberian Senate Bicameral","Number.of.seats","The Liberian Senate Bicameral","46-IPU-Number.of.seats","Number of seats","Number of seats","Value",4.226,"Checks and Balances","Legislative System","Other","The Liberian Senate Bicameral","",NA,"","","","","",NA,"","","","","IPU73.1","32043","","",""
"224","the liberian senate bicameral-IPU-Number.of.women.parliamentarians","IPU","The Liberian Senate Bicameral","Number.of.women.parliamentarians","The Liberian Senate Bicameral","123-IPU-Number.of.women.parliamentarians","Number of women parliamentarians","Number of women parliamentarians","Value",4.226,"Checks and Balances","Legislative System","Other","The Liberian Senate Bicameral","",NA,"","","","","",NA,"","","","","IPU73.2","32044","","",""
"225","the liberian senate bicameral-IPU-Percentage.of.women","IPU","The Liberian Senate Bicameral","Percentage.of.women","The Liberian Senate Bicameral","200-IPU-Percentage.of.women","Percentage of women","Percentage of women","%",4.226,"Checks and Balances","Legislative System","Other","The Liberian Senate Bicameral","",NA,"","","","","",NA,"","","","","IPU73.3","IPU73","","",""
"226","transitional national legislative assembly bicameral-IPU-Number.of.seats","IPU","Transitional National Legislative Assembly Bicameral","Number.of.seats","Transitional National Legislative Assembly Bicameral","67-IPU-Number.of.seats","Number of seats","Number of seats","Value",4.455,"Checks and Balances","Legislative System","Other","Transitional National Legislative Assembly Bicameral","",NA,"","","","","",NA,"","","","","IPU74.1","32046","","",""
"227","transitional national legislative assembly bicameral-IPU-Number.of.women.parliamentarians","IPU","Transitional National Legislative Assembly Bicameral","Number.of.women.parliamentarians","Transitional National Legislative Assembly Bicameral","144-IPU-Number.of.women.parliamentarians","Number of women parliamentarians","Number of women parliamentarians","Value",4.455,"Checks and Balances","Legislative System","Other","Transitional National Legislative Assembly Bicameral","",NA,"","","","","",NA,"","","","","IPU74.2","32047","","",""
"228","transitional national legislative assembly bicameral-IPU-Percentage.of.women","IPU","Transitional National Legislative Assembly Bicameral","Percentage.of.women","Transitional National Legislative Assembly Bicameral","221-IPU-Percentage.of.women","Percentage of women","Percentage of women","%",4.455,"Checks and Balances","Legislative System","Other","Transitional National Legislative Assembly Bicameral","",NA,"","","","","",NA,"","","","","IPU74.3","IPU74","","",""
"229","upper house bicameral-IPU-Number.of.seats","IPU","Upper House Bicameral","Number.of.seats","Upper House Bicameral","65-IPU-Number.of.seats",NA,NA,NA,NA,NA,NA,NA,NA,NA,NA,NA,NA,NA,NA,NA,NA,NA,NA,NA,NA,NA,NA,"","",""
"230","upper house bicameral-IPU-Number.of.women.parliamentarians","IPU","Upper House Bicameral","Number.of.women.parliamentarians","Upper House Bicameral","142-IPU-Number.of.women.parliamentarians",NA,NA,NA,NA,NA,NA,NA,NA,NA,NA,NA,NA,NA,NA,NA,NA,NA,NA,NA,NA,NA,NA,"","",""
"231","upper house bicameral-IPU-Percentage.of.women","IPU","Upper House Bicameral","Percentage.of.women","Upper House Bicameral","219-IPU-Percentage.of.women",NA,NA,NA,NA,NA,NA,NA,NA,NA,NA,NA,NA,NA,NA,NA,NA,NA,NA,NA,NA,NA,NA,"","",""
